id,domain,status,purchase_price,renewal_price,attractiveness,demand,length,registrar,created_at,expires_at,status_verified_at
1973f216-bb02-4b2f-ae97-d56a82c23796,poorer.holdings,available,50.2,50.2,low,low,6,cloudflare,,,29/09/2026 23:56
c05925c4-6432-45de-9d6e-3076ec1ffb57,mandela.holdings,available,53.72,53.72,high,low,7,dynadot,,,28/09/2026 14:49
acd0652a-6a7f-43c4-be75-300acb4aa5eb,habitually.holdings,available,64.99,64.99,medium,low,10,namesilo,,,14/09/2026 22:45
8fab6557-dac1-4337-bcf4-bce2ef50f71e,wrongful.holdings,available,50.2,50.2,medium,low,8,cloudflare,,,28/09/2026 11:11
7106b3f2-5839-4db6-b631-93da2220491f,clarifying.holdings,available,64.99,64.99,high,low,10,namesilo,,,12/08/2026 09:37
812fd173-8cc2-49f0-a48a-0d024049a15c,amyl.holdings,available,64.99,64.99,high,low,4,namesilo,,,19/09/2026 00:29
6296e4c9-b6e2-4f2a-97fa-db3260b9dc21,tined.holdings,available,64.99,64.99,medium,low,5,namesilo,,,09/09/2026 03:20
01736c05-a132-4347-8690-56025b7ce051,athar.holdings,available,67.98,81.98,high,low,5,namecheap,,,20/09/2026 19:25
f56a21dd-c14e-464b-97be-608ff4d75880,herbie.holdings,available,51.95,51.95,medium,low,6,spaceship,,,30/09/2026 21:29
f97c6787-cdb1-443f-8994-bd851442f3ab,rosetta.holdings,available,52.01,52.01,high,low,7,porkbun,,,30/09/2026 12:29
2dc1e379-b3b3-4e62-9397-4125161fa36d,detachment.holdings,available,51.95,51.95,high,low,10,spaceship,,,29/09/2026 12:04
d424486b-ee31-404c-a4ac-251a58887942,apatite.holdings,available,67.98,81.98,medium,low,7,namecheap,,,19/09/2026 16:18
af413ca7-3762-4501-a7b5-b19800162cde,boys.holdings,available,67.98,81.98,high,low,4,namecheap,,,25/09/2026 17:34
06ee4cfc-a913-4e8f-ac32-4645c0f39e5e,adelphi.holdings,available,51.95,51.95,high,low,7,spaceship,,,30/09/2026 13:46
8f5f3bc6-3995-4633-b742-6f36d4624f3e,blackamoor.holdings,available,64.99,64.99,medium,low,10,namesilo,,,03/09/2026 15:12
a090a81a-310f-4222-ba25-cb27ba898163,platelike.holdings,available,67.98,81.98,high,low,9,namecheap,,,08/09/2026 20:17
fdbfedc4-3759-4b3c-8bf9-5f7e181dc792,neely.holdings,available,53.72,53.72,medium,low,5,dynadot,,,30/09/2026 13:55
bc044b91-c0e9-45bd-a5f4-26833b94c744,aldose.holdings,available,64.99,64.99,medium,low,6,namesilo,,,18/09/2026 04:38
bf6e8d9c-60ca-4b7f-8cd2-5a2bffa227e8,phd.holdings,available,64.99,64.99,high,low,3,namesilo,,,25/09/2026 09:56
91cc1ab2-c49b-4393-9d61-faf4b678e654,buddies.holdings,available,50.2,50.2,medium,low,7,cloudflare,,,29/09/2026 06:02
3f8072ac-e74f-4999-8a76-76516b88e43d,amphitheater.holdings,available,50.2,50.2,high,low,12,cloudflare,,,01/10/2026 02:33
8f956d6a-2daa-4fda-a98f-ae30e362805a,fia.holdings,available,51.95,51.95,medium,low,3,spaceship,,,28/09/2026 09:02
ca23e5c9-acac-402d-a82c-d2078c14504c,huntington.holdings,available,64.99,64.99,high,low,10,namesilo,,,25/09/2026 04:18
35f0bb2d-a9f3-4e05-8697-8572b5dc0733,appalled.holdings,available,64.99,64.99,medium,low,8,namesilo,,,
95fd33c7-d8e1-4ecf-bc6c-0af1e80a2d4d,lips.holdings,available,64.99,64.99,high,low,4,namesilo,,,01/10/2026 00:24
f9c0c4dd-f46b-4d44-82d2-6b586e485494,sulphur.holdings,available,64.99,64.99,medium,low,7,namesilo,,,20/09/2026 22:29
bfa4b1e1-8bd7-4b1f-a379-eb740d7d1a50,untidy.holdings,available,67.98,81.98,medium,low,6,namecheap,,,12/09/2026 21:22
41ab5a4f-e8fd-43cb-96f3-e6d5b2788b28,sophistic.holdings,available,64.99,64.99,medium,low,9,namesilo,,,10/09/2026 14:15
07c73f59-bbb8-480a-a150-346efa1c684d,unadorned.holdings,available,64.99,64.99,medium,low,9,namesilo,,,11/09/2026 23:54
17482788-5881-4581-9d19-2d0e203f0f23,pupils.holdings,available,53.72,53.72,low,low,6,dynadot,,,28/09/2026 17:49
ae3eb531-1435-4cb2-a0cc-050e61fde108,drones.holdings,available,51.95,51.95,medium,low,6,spaceship,,,01/10/2026 17:53
d937704e-f1b0-48cf-a54f-a356d9307d6c,strumpet.holdings,available,67.98,81.98,medium,low,8,namecheap,,,17/09/2026 10:22
02c26321-e251-412b-a56d-580715885a66,information.holdings,available,64.99,64.99,high,low,11,namesilo,,,30/09/2026 13:49
37768e38-c7a1-4321-80e5-2442d34cb08d,detective.holdings,available,64.99,64.99,high,low,9,namesilo,,,29/09/2026 14:16
61d6afb9-905f-4c5b-b296-aff3948d8a7e,lucifugous.holdings,available,64.99,64.99,low,low,10,namesilo,,,24/08/2026 10:55
e24d6a15-fc95-4497-a3f5-adacd5b054be,thumbed.holdings,available,64.99,64.99,medium,low,7,namesilo,,,11/09/2026 15:04
896a4c8b-4699-462c-abf8-e04cc0c2a3e0,bata.holdings,available,67.98,81.98,medium,low,4,namecheap,,,22/09/2026 13:09
4933c977-ee15-4b5e-956f-22548bb717d3,arpent.holdings,available,64.99,64.99,medium,low,6,namesilo,,,20/09/2026 08:38
13a9ebd8-92c0-4392-a00d-2a91db0347ad,southgate.holdings,available,64.99,64.99,medium,low,9,namesilo,,,01/10/2026 11:23
a0a0a828-502f-479e-b218-56ef5fe87d71,teen.holdings,available,80.99,84.99,high,low,4,name.com,,,21/09/2026 19:11
7b7d6c7c-0043-4e9f-955d-af8fb9618a90,hancock.holdings,available,64.99,64.99,high,low,7,namesilo,,,25/09/2026 06:51
db3ca392-cf39-486e-b527-5564c840baf4,splattered.holdings,available,80.99,84.99,medium,low,10,name.com,,,13/08/2026 15:21
239c5e29-1076-43d7-b638-e9192b3f8ca3,fes.holdings,available,50.2,50.2,high,low,3,cloudflare,,,30/09/2026 09:38
c7bfedd4-5659-4567-83ff-f0001bc1503d,prehensile.holdings,available,64.99,64.99,high,low,10,namesilo,,,07/08/2026 22:14
c2700233-f532-49e0-b075-0432b10619f6,fungal.holdings,available,67.98,81.98,medium,low,6,namecheap,,,18/08/2026 18:28
b4d95498-b56d-4705-97e7-300bf3a180a1,mexicans.holdings,available,67.98,81.98,medium,low,8,namecheap,,,18/09/2026 23:08
7399c607-9785-4bf4-83d1-5fa3484ac1e2,voip.holdings,available,50.2,50.2,high,low,4,cloudflare,,,01/10/2026 22:33
9d4b2c1c-96fd-4190-bb7c-de41f59cff0b,persisted.holdings,available,64.99,64.99,medium,low,9,namesilo,,,18/09/2026 08:42
6a9e06e8-090a-4e4a-9058-0b8c303fbdf5,bug.holdings,available,53.72,53.72,high,low,3,dynadot,,,29/09/2026 00:24
25ecdeaf-1a8e-4096-b9f3-a19aa9195f3e,placid.holdings,available,64.99,64.99,high,low,6,namesilo,,,17/08/2026 14:50
bebf94f3-08ce-496d-b2bf-26405862cf65,chartless.holdings,available,64.99,64.99,medium,low,9,namesilo,,,12/08/2026 02:52
976bb738-fc75-4628-9a26-00563d782698,malformed.holdings,available,64.99,64.99,medium,low,9,namesilo,,,13/08/2026 23:43
46a5a040-7d41-4445-8610-1766c74f5b1c,tamaulipas.holdings,available,52.01,52.01,medium,low,10,porkbun,,,30/09/2026 21:17
520b0e5d-7f9a-4dbb-920f-0072423c6c02,virtue.holdings,available,51.95,51.95,high,low,6,spaceship,,,28/09/2026 10:22
eb00652f-78f8-414a-9dc1-aae51405aead,levodopa.holdings,available,67.98,81.98,high,low,8,namecheap,,,23/09/2026 07:46
3f2f73ed-812d-444d-a10a-a507b0cbe05c,butterball.holdings,available,64.99,64.99,medium,low,10,namesilo,,,17/08/2026 23:59
ddd1fb17-e172-4f6a-a2cc-447b0f97ad94,despair.holdings,available,51.95,51.95,medium,low,7,spaceship,,,28/09/2026 09:31
960338f3-b847-4d3a-84f7-26064bfaf3c3,sinusoidal.holdings,available,64.99,64.99,high,low,10,namesilo,,,10/09/2026 08:42
8dd2783b-5f1d-4a2a-a131-ddf0db3e6270,jaundice.holdings,available,64.99,64.99,medium,low,8,namesilo,,,17/09/2026 03:10
26e2ac4f-c78f-4952-a76a-1449c18f717b,cattie.holdings,available,64.99,64.99,medium,low,6,namesilo,,,11/08/2026 22:14
69901de2-cce0-4ca5-b048-46d9b0c047b5,uninsured.holdings,available,64.99,64.99,medium,low,9,namesilo,,,12/09/2026 13:28
9e3e364f-c24e-4e1f-be3e-03276ab0c5f3,condo.holdings,available,50.2,50.2,high,low,5,cloudflare,,,29/09/2026 10:41
b71c6789-c06f-4830-b992-b7b164336b73,augury.holdings,available,64.99,64.99,medium,low,6,namesilo,,,21/09/2026 03:41
4a0b4f5b-130f-442a-b2f0-4619ed08b767,dots.holdings,available,50.2,50.2,high,low,4,cloudflare,,,28/09/2026 22:47
d71e2e16-720a-48a5-93d3-c896646466e0,capt.holdings,available,80.99,84.99,high,low,4,name.com,,,25/09/2026 12:23
4765805e-b67f-4666-a671-4636e5ee6e8c,troublesome.holdings,available,51.95,51.95,medium,low,11,spaceship,,,29/09/2026 20:56
9658b68a-dad6-4cd1-ab6a-5b1d7d5e3471,trader.holdings,available,67.98,81.98,high,low,6,namecheap,,,29/09/2026 01:10
4e95d41a-819b-440f-8423-c4f8da750e94,msp.holdings,available,51.95,51.95,high,low,3,spaceship,,,01/10/2026 08:08
c3cc71d8-ccf4-4cec-9705-31b3686ba656,temptation.holdings,available,64.99,64.99,high,low,10,namesilo,,,28/09/2026 09:41
ed344f58-4960-48de-8a18-b4d8790ef67e,obscenely.holdings,available,64.99,64.99,medium,low,9,namesilo,,,15/09/2026 11:14
bdc7da81-c9ca-45be-abe9-1b4b048b8c5a,benevolent.holdings,available,64.99,64.99,high,low,10,namesilo,,,09/08/2026 14:27
5872f229-ca29-441a-a864-9e7ee445d9a8,ambulance.holdings,available,64.99,64.99,high,low,9,namesilo,,,18/09/2026 17:28
766707bf-e2a3-4f11-a440-8e0f8d237a8a,prose.holdings,available,64.99,64.99,high,low,5,namesilo,,,30/09/2026 07:46
aa4452d9-8c68-444b-b32c-9ff753c150e3,occasion.holdings,available,51.95,51.95,high,low,8,spaceship,,,30/09/2026 01:05
a0b06bc5-4901-4c04-a398-9d8f8f79caf8,unyielding.holdings,available,64.99,64.99,high,low,10,namesilo,,,14/08/2026 15:01
42806425-57e0-4c85-86e3-9f8f4b8a12c7,dough.holdings,available,64.99,64.99,high,low,5,namesilo,,,08/09/2026 03:53
2934a9d0-3f35-4a91-9470-b86e801fa65e,herefordshire.holdings,available,64.99,64.99,medium,low,13,namesilo,,,01/10/2026 07:50
4ac1721e-7ba4-4493-bc7f-1ffaa7ef8a1b,tea.holdings,available,64.99,64.99,high,medium,3,namesilo,,,02/10/2026 05:03
22775efb-1285-4379-8cec-3deb696f947f,produced.holdings,available,64.99,64.99,medium,low,8,namesilo,,,19/09/2026 16:32
a908ebc6-8f6e-4c38-803e-6cb23540c17c,prize.holdings,available,64.99,64.99,high,low,5,namesilo,,,12/08/2026 06:35
5bc3e991-f102-46c6-994e-4107300a2415,rollercoaster.holdings,available,80.99,,medium,low,14,name.com,,,
b89d9adf-3d7d-42a8-89ae-291c2e93f8b6,gladsome.holdings,available,64.99,64.99,high,low,8,namesilo,,,19/08/2026 00:13
63a8cbbc-ec08-4f61-80a4-9c73d9d3412a,prink.holdings,available,64.99,64.99,medium,low,5,namesilo,,,21/09/2026 02:05
a84f83f6-9f19-4f33-b66b-144b4c032476,baldr.holdings,available,67.98,81.98,medium,low,5,namecheap,,,21/09/2026 21:35
aac3b7e9-51e2-4bdf-97bd-4da70cf367e7,upheld.holdings,available,64.99,64.99,medium,low,6,namesilo,,,01/10/2026 13:41
d4f53f44-8dc2-44fa-81cb-0603a48bc5e2,fizzing.holdings,available,64.99,64.99,medium,low,7,namesilo,,,18/08/2026 06:02
f7b88aaf-459e-4534-b85c-886e7dd377c2,performers.holdings,available,51.95,51.95,high,low,10,spaceship,,,30/09/2026 00:18
a24cbc44-d825-4f6d-9641-fd05bb16ef37,dawdler.holdings,available,67.98,81.98,medium,low,7,namecheap,,,22/08/2026 18:40
a6293c75-ad3b-4580-9bd3-7894e327a67d,colourize.holdings,available,64.99,64.99,medium,low,9,namesilo,,,12/08/2026 17:40
f724a532-668f-4623-ae73-d57848b8bc13,straps.holdings,available,53.72,53.72,medium,low,6,dynadot,,,01/10/2026 14:01
d4398f9f-a9da-4dd6-bc7b-b623a4dedf34,thriving.holdings,available,51.95,51.95,high,low,8,spaceship,,,01/10/2026 15:36
7eb42b33-4a00-4e18-a56a-45e0a89138b8,ignorance.holdings,available,64.99,64.99,medium,low,9,namesilo,,,28/09/2026 10:08
f9d57824-8d92-4766-b0c0-a50199d5183f,neglect.holdings,available,51.95,51.95,high,low,7,spaceship,,,29/09/2026 16:14
70faec24-8b3b-4003-b366-73657ea5244b,psalms.holdings,available,64.99,64.99,high,low,6,namesilo,,,24/09/2026 07:04
1e34539a-1fce-4ad2-9ad4-39e54ba4de7f,crash.holdings,available,67.98,81.98,high,low,5,namecheap,,,29/09/2026 09:51
e69b33dd-8863-481d-913c-2971eb51eeeb,chairman.holdings,available,64.99,64.99,high,low,8,namesilo,,,29/09/2026 07:55
cd439c8a-09a7-477a-852d-2e3bb9321928,technique.holdings,available,64.99,64.99,high,low,9,namesilo,,,28/09/2026 08:09
d0325877-1029-462f-a2d4-b41c88fc086e,sexuality.holdings,available,51.95,51.95,high,low,9,spaceship,,,28/09/2026 10:54
e8092f3a-730c-432a-bd1f-e3bd041a4f56,unhappiness.holdings,available,80.99,,medium,low,11,name.com,,,
e9e52cbd-ecb1-466f-af30-dad4f5a4da95,elbert.holdings,available,64.99,64.99,medium,low,6,namesilo,,,30/09/2026 05:08
c01f08f0-b593-4d30-b104-d9bbb886eaac,kiev.holdings,available,51.95,51.95,high,low,4,spaceship,,,29/09/2026 07:09
0a6ccc11-4f69-46ed-a8ba-42031a6159cc,gelid.holdings,available,67.98,81.98,medium,low,5,namecheap,,,18/08/2026 21:05
fbd21c36-dd9b-4b17-b0e8-d3050a1f4828,outspoken.holdings,available,64.99,64.99,high,low,9,namesilo,,,11/08/2026 16:45
707de622-299b-459d-8b9e-edbe370b73f5,aggregator.holdings,available,64.99,64.99,high,low,10,namesilo,,,17/09/2026 17:29
92a3932e-fb28-4452-90f4-18948ad2581f,incipient.holdings,available,64.99,64.99,medium,low,9,namesilo,,,22/08/2026 01:14
805a6ae0-2301-4130-a97f-4c1334fce26d,nikita.holdings,available,51.95,51.95,high,low,6,spaceship,,,29/09/2026 04:05
3a81ceda-2c48-4c16-acce-ae9a13d8ec05,skipped.holdings,available,51.95,51.95,low,low,7,spaceship,,,29/09/2026 05:58
176a1185-8c2b-4bc1-ba35-991ae281110b,mohan.holdings,available,53.72,53.72,medium,low,5,dynadot,,,28/09/2026 21:37
bb432798-e93d-4321-8e33-22375732100d,readable.holdings,available,67.98,81.98,high,low,8,namecheap,,,13/08/2026 21:32
c4ef7b32-9ea2-4423-bd73-57e903de2d2a,dickhead.holdings,available,64.99,64.99,medium,low,8,namesilo,,,08/08/2026 23:34
d32a884f-071d-4f7e-b933-4ae1621a2434,twine.holdings,available,53.72,53.72,medium,low,5,dynadot,,,30/09/2026 01:53
e393496d-640a-4775-9a40-1bb79bd589ed,filmy.holdings,available,64.99,64.99,high,low,5,namesilo,,,12/08/2026 14:28
fefcff04-7457-4e31-943d-f385396b0780,realms.holdings,available,64.99,64.99,medium,low,6,namesilo,,,01/10/2026 17:43
fc6abc05-3f9a-403e-8a16-632a141e9b3a,scattered.holdings,available,64.99,64.99,medium,low,9,namesilo,,,14/08/2026 11:23
e5a7df59-9782-4da4-b06a-f15fe2a90ede,splenic.holdings,available,64.99,64.99,medium,low,7,namesilo,,,23/08/2026 01:27
f4456c51-a4ec-4b6a-b68e-358bb8a01f5d,rente.holdings,available,64.99,64.99,high,low,5,namesilo,,,19/09/2026 10:58
9335195b-7a9c-4381-953d-bcf1573aad62,disguise.holdings,available,50.2,50.2,high,low,8,cloudflare,,,29/09/2026 06:07
e072bb48-bd8a-430b-a320-60d7b9a05b7a,aleppo.holdings,available,67.98,81.98,high,low,6,namecheap,,,18/09/2026 05:13
d2a9143f-e62a-42bb-b564-72ff70dd09d9,announcement.holdings,available,64.99,64.99,high,low,12,namesilo,,,26/09/2026 00:47
d251998e-879d-455c-86fa-f6ffab463874,hillsborough.holdings,available,64.99,64.99,medium,low,12,namesilo,,,28/09/2026 07:56
e7a5bb2c-51f0-464d-9326-7eb1e6f56037,remediation.holdings,available,53.72,53.72,high,low,11,dynadot,,,30/09/2026 23:39
351a9a68-6949-4b5f-a013-a4bd7b58e3d5,strategically.holdings,available,64.99,64.99,high,low,13,namesilo,,,01/10/2026 06:13
0485a6a0-05e3-45e5-a9e3-6af5ae68db6e,kirov.holdings,available,53.72,53.72,medium,low,5,dynadot,,,02/10/2026 00:27
63623aca-aa87-4ed0-8142-92fe41f69817,rhianna.holdings,available,64.99,64.99,high,low,7,namesilo,,,
ddcf31cf-84b6-43e0-9986-3ab55e2201bc,foxes.holdings,available,64.99,64.99,medium,low,5,namesilo,,,30/09/2026 14:38
9d24db8b-4060-4f1b-9af8-879e53bfdc27,independence.holdings,available,51.95,51.95,high,low,12,spaceship,,,28/09/2026 11:42
e49fff95-1a4e-48c7-81d4-5f2c04fa45db,midlife.holdings,available,64.99,64.99,high,low,8,namesilo,,,
7747a329-d883-44a6-8486-b6670572b54e,deprivation.holdings,available,64.99,64.99,medium,low,11,namesilo,,,30/09/2026 05:47
6ce92edc-d9b4-4da9-b71a-829619127f3b,phrenetic.holdings,available,64.99,64.99,medium,low,9,namesilo,,,18/08/2026 14:19
0ea06722-5d7b-44ec-b75f-4e8553938b5e,singing.holdings,available,64.99,64.99,high,low,7,namesilo,,,11/08/2026 17:40
db057717-54ce-43de-a69e-1684c9024c00,colorfast.holdings,available,67.98,81.98,medium,low,9,namecheap,,,12/08/2026 17:50
9e5c020b-3122-401e-ba54-d0679a5232de,benchley.holdings,available,64.99,64.99,high,low,8,namesilo,,,23/09/2026 07:39
d54321c9-7fc5-44c7-8d80-78d7a8fcc4bf,fitchburg.holdings,available,64.99,64.99,medium,low,9,namesilo,,,30/09/2026 04:33
5e90ea5c-d8b3-4e92-a8c3-f83d0e496634,robertson.holdings,available,64.99,64.99,high,low,9,namesilo,,,25/09/2026 09:45
5adb4d63-5478-4314-b287-ca3f2086900a,content.holdings,available,52.01,52.01,high,medium,7,porkbun,,,30/09/2026 05:56
9ce27385-9a94-492a-b582-4cd6c41b5017,slaveless.holdings,available,64.99,64.99,medium,low,9,namesilo,,,18/08/2026 14:44
6442cd23-aef7-486c-8d74-d9145a783bee,balaena.holdings,available,67.98,81.98,medium,low,7,namecheap,,,21/09/2026 20:30
e77698a7-ec69-434a-ba07-6504b93b4254,congressman.holdings,available,51.95,51.95,high,low,11,spaceship,,,28/09/2026 04:59
6527b153-061d-45d9-9061-fe3a1c154a08,moonflower.holdings,available,64.99,64.99,high,low,10,namesilo,,,23/09/2026 06:03
a31407c3-507d-40eb-885b-16a1f90cea37,fulgent.holdings,available,64.99,64.99,medium,low,7,namesilo,,,10/08/2026 13:45
bca1949b-e34a-45e6-b4e4-bd8cf3b48fdc,cylinder.holdings,available,50.2,50.2,high,low,8,cloudflare,,,29/09/2026 00:34
fd82c066-54be-4024-9be0-a2044db22407,waits.holdings,available,64.99,64.99,medium,low,5,namesilo,,,28/09/2026 11:43
79711599-7a71-43d5-b917-d3c58cb5fc13,adler.holdings,available,64.99,64.99,high,low,5,namesilo,,,25/09/2026 13:44
08927ec5-9b2b-4d53-9c12-d4f0df2bd671,snoopy.holdings,available,64.99,64.99,medium,low,6,namesilo,,,03/09/2026 21:54
4c98f497-08f1-4099-a087-07dde3ac5e35,collecting.holdings,available,67.98,81.98,high,low,10,namecheap,,,20/09/2026 16:02
add51da0-6dd7-42f2-bb84-650b0046f5a7,stub.holdings,available,64.99,64.99,high,low,4,namesilo,,,24/09/2026 13:57
8e9b041a-d62c-44a1-9802-60d704765bc6,rarer.holdings,available,64.99,64.99,medium,low,5,namesilo,,,20/09/2026 08:12
ae4623ac-16f5-4dff-8f34-a6440fec878d,danish.holdings,available,80.99,84.99,high,low,6,name.com,,,13/08/2026 17:19
58ae324d-d3ee-4373-a44d-115f4de7f062,jerk.holdings,available,64.99,64.99,high,low,4,namesilo,,,25/09/2026 11:41
54b89d50-f5da-4762-a4da-abdde795860c,gestapo.holdings,available,64.99,64.99,medium,low,7,namesilo,,,29/09/2026 12:44
cbbff5b6-b097-4a0c-bbdd-42fb594c225a,approaches.holdings,available,64.99,64.99,high,low,10,namesilo,,,01/10/2026 16:38
0eab69af-ef0d-4b31-a8e1-c8f4c6916ff7,oblivious.holdings,available,51.95,51.95,high,low,9,spaceship,,,01/10/2026 04:58
8ecb01c5-1c27-4908-95c9-c4e4f8950062,stocks.holdings,available,51.95,51.95,high,low,6,spaceship,,,28/09/2026 06:47
7096eef1-5d64-47e8-896e-51aa211575db,amberbell.holdings,available,64.99,64.99,medium,low,9,namesilo,,,18/09/2026 16:32
0daa112d-cc6d-4446-a033-7cedd132272f,ain.holdings,available,64.99,64.99,high,low,3,namesilo,,,
bdb11555-34cf-44b1-afc8-10e4dad7082d,nonstop.holdings,available,64.99,64.99,medium,low,7,namesilo,,,01/10/2026 13:31
0cd4b51d-5e00-457d-813d-7b22dfba4d37,marriage.holdings,available,67.98,81.98,high,low,8,namecheap,,,30/09/2026 03:47
3f484659-c115-429a-98f5-3e8d682f7aad,admirer.holdings,available,67.98,81.98,high,low,7,namecheap,,,17/09/2026 08:56
6cb0d4be-8f06-4c22-a68f-00679e6056a7,anticlimax.holdings,available,64.99,64.99,medium,low,10,namesilo,,,19/09/2026 14:16
ceedd8bc-6ba2-4a9c-9ead-9abf24ea9e1e,ethic.holdings,available,51.95,51.95,high,low,5,spaceship,,,30/09/2026 17:13
688b2e47-36c1-4e7e-be01-8ddc94bc8567,inelegant.holdings,available,64.99,64.99,medium,low,9,namesilo,,,22/08/2026 03:44
ec29cc1d-d841-48e0-8fea-875616c4e936,federate.holdings,available,64.99,64.99,high,low,8,namesilo,,,18/08/2026 00:36
9a68ee25-24c1-4026-9480-2c344a5e71bd,incidental.holdings,available,64.99,64.99,high,low,10,namesilo,,,
6aca6457-7f09-4564-8c55-668ae9bf3447,pawtucket.holdings,available,64.99,64.99,high,low,9,namesilo,,,29/09/2026 15:45
320ba3de-629c-436c-9dd0-d5e8ff9e3184,dramatically.holdings,available,51.95,51.95,medium,low,12,spaceship,,,29/09/2026 14:45
a9e818a3-afd9-4b7e-a412-8fa281d22034,wedding.holdings,available,53.72,53.72,high,low,7,dynadot,,,29/09/2026 23:26
4c6855f5-485b-49cd-813b-1668a219b233,belatedly.holdings,available,67.98,81.98,medium,low,9,namecheap,,,22/08/2026 20:25
6fe1c165-0853-4a99-bae5-b9d26dddd3f3,somerville.holdings,available,64.99,64.99,medium,low,10,namesilo,,,27/09/2026 01:44
e6406cf0-1634-43a0-a821-63e29a302805,glut.holdings,available,64.99,64.99,high,low,4,namesilo,,,23/09/2026 17:21
5ef0ce2e-8d1a-4dd8-8217-9c05075ebcd9,motionless.holdings,available,64.99,64.99,medium,low,10,namesilo,,,25/08/2026 07:28
cdd08f9e-45ee-4d8b-a011-70c72f6b88b6,aborted.holdings,available,50.2,50.2,medium,low,7,cloudflare,,,01/10/2026 12:58
1ca86ccd-b464-4446-9340-5ba605055ec8,gathering.holdings,available,64.99,64.99,high,low,9,namesilo,,,20/09/2026 16:00
8bde7a65-1fdb-4003-a5ec-97bf44e4ff8a,cyberspace.holdings,available,51.95,51.95,high,low,10,spaceship,,,28/09/2026 08:02
8b028f1b-7e6e-4b66-af52-9211e0403637,mouthguard.holdings,available,80.99,,medium,low,11,name.com,,,
0024c461-3d59-456f-83f5-e3166882c252,bartlett.holdings,available,67.98,81.98,high,low,8,namecheap,,,22/09/2026 09:19
93c4f66d-d3e4-4815-a7bd-59bba7e40151,selenium.holdings,available,64.99,64.99,medium,low,8,namesilo,,,20/09/2026 22:53
5a7039aa-0f4d-40d1-a9e6-74276900dec1,apron.holdings,available,67.98,81.98,high,low,5,namecheap,,,19/09/2026 22:32
9bcf1753-9306-49c2-91cd-d2c017282058,attractor.holdings,available,64.99,64.99,high,low,9,namesilo,,,21/09/2026 02:12
e834fac2-1e86-4aa2-ae29-8d93f9b9a5a7,motives.holdings,available,64.99,64.99,medium,low,7,namesilo,,,28/09/2026 17:11
ef9d7114-37d4-4f2b-aa8a-16b93aec620b,chamfer.holdings,available,64.99,64.99,medium,low,7,namesilo,,,23/09/2026 12:00
d6bfaf1f-439f-4663-81b5-30c38990acd7,chromosome.holdings,available,50.2,50.2,medium,low,10,cloudflare,,,30/09/2026 09:09
82573b8f-ad39-4639-a528-0f9c96ea76ad,paste.holdings,available,51.95,51.95,high,low,5,spaceship,,,29/09/2026 20:56
52078776-0b67-470c-adbd-2e5c60ff3f79,atonement.holdings,available,67.98,81.98,high,low,9,namecheap,,,21/09/2026 00:28
426b7798-04ec-4394-8efe-1d8178f1238e,drone.holdings,available,64.99,64.99,high,medium,5,namesilo,,,25/09/2026 13:01
ebd13387-3335-4d12-a6e1-3fe928ea0516,moma.holdings,available,51.95,51.95,high,low,4,spaceship,,,01/10/2026 23:50
3cb485f5-2353-40e2-a488-42eb6fd618cc,alacrity.holdings,available,67.98,81.98,high,low,8,namecheap,,,18/09/2026 01:37
e1557b09-d78a-444a-a176-c2ad267c01c8,alnico.holdings,available,64.99,64.99,medium,low,6,namesilo,,,18/09/2026 12:50
fd7a41af-39a0-441e-948d-a2732d9d48ad,orthopedic.holdings,available,67.98,81.98,high,low,10,namecheap,,,04/09/2026 18:03
48fe7790-2dfc-471b-bd90-3eecff439429,devotee.holdings,available,64.99,64.99,high,low,7,namesilo,,,11/08/2026 07:49
5debb5d0-cd02-4d3f-b97e-8cb7642f6ab7,algolagnia.holdings,available,64.99,64.99,medium,low,10,namesilo,,,18/09/2026 07:07
0bc33878-3f1a-493e-a66c-ffd1d1c3cbec,untold.holdings,available,64.99,64.99,medium,low,6,namesilo,,,12/09/2026 21:37
2cd46297-2d90-42d3-ab27-f421e39ed4e6,andante.holdings,available,64.99,64.99,medium,low,7,namesilo,,,
60f1b8e0-c59f-4301-bc68-da3e9f26f06f,biochemical.holdings,available,64.99,64.99,high,low,11,namesilo,,,30/09/2026 11:40
81b87d31-81e0-4844-9a01-30246da6d0bb,slammer.holdings,available,64.99,64.99,medium,low,7,namesilo,,,08/09/2026 22:49
d6743784-6793-453e-8c97-24d935be9601,lice.holdings,available,64.99,64.99,low,low,4,namesilo,,,29/09/2026 23:05
eb110af4-be84-45d4-8bb8-af78b850f46d,bullet.holdings,available,64.99,64.99,high,low,6,namesilo,,,29/09/2026 05:18
7c094d94-97ae-421a-9ea2-38442d73bd5f,winds.holdings,available,64.99,64.99,medium,low,5,namesilo,,,27/09/2026 22:44
334385e5-3935-47d1-95dd-7211b7a11e68,sort.holdings,available,64.99,64.99,high,low,4,namesilo,,,25/09/2026 12:43
72081161-f530-4a99-aa51-fdf5f5f92888,evening.holdings,available,64.99,64.99,high,low,7,namesilo,,,24/09/2026 15:27
8e16933a-0627-4683-bb84-c680beee6997,genotype.holdings,available,64.99,64.99,high,low,8,namesilo,,,01/10/2026 19:43
5114936a-5274-4906-bc64-a7831351b86d,internal.holdings,available,64.99,64.99,high,low,8,namesilo,,,25/09/2026 09:40
15e85cb3-8c6a-49bb-a656-4b98630182b7,creator.holdings,available,64.99,64.99,high,medium,7,namesilo,,,22/09/2026 01:50
911aa5f0-f78a-4ec7-b81c-2dddee5525ec,poor.holdings,available,67.98,81.98,medium,low,4,namecheap,,,24/09/2026 23:28
7dc0e4bb-5265-4d83-8822-aa7f7c4039f0,finer.holdings,available,64.99,64.99,high,low,5,namesilo,,,18/08/2026 04:49
ac5894a6-0715-4fc5-9219-e57d2fed7cd5,tasseled.holdings,available,64.99,64.99,medium,low,8,namesilo,,,11/09/2026 08:52
148ba07f-3fb8-4f37-89a7-7b22a1383bd7,cosmetic.holdings,available,64.99,64.99,high,low,8,namesilo,,,24/09/2026 00:13
8958e977-60c6-4e3b-ad53-f75b8c0ff028,excursive.holdings,available,64.99,64.99,medium,low,9,namesilo,,,17/08/2026 16:39
95634f3d-e30c-40b6-8848-3608c04a3ce4,lathery.holdings,available,64.99,64.99,medium,low,7,namesilo,,,22/08/2026 20:36
c88c9ff1-c577-44c1-8f5f-2aeb83b207ee,developmental.holdings,available,64.99,64.99,medium,low,13,namesilo,,,29/09/2026 02:36
fccc38cf-c2e4-416c-b773-1ed5ef05a012,binocular.holdings,available,64.99,64.99,high,low,9,namesilo,,,10/08/2026 00:15
64f87f65-29d4-4deb-9179-5150ad0b30ef,whirlwind.holdings,available,51.95,51.95,high,low,9,spaceship,,,30/09/2026 19:05
4d7f6792-ff15-47df-b653-d8d00aff0e4f,disliked.holdings,available,64.99,64.99,medium,low,8,namesilo,,,14/08/2026 11:29
6463c77a-edbe-4945-82d1-9ed569bb5069,suomi.holdings,available,64.99,64.99,high,low,5,namesilo,,,18/08/2026 05:05
8afe7d20-4a64-4721-bb2d-ca07b934d37e,accuser.holdings,available,50.2,50.2,medium,low,7,cloudflare,,,28/09/2026 17:32
b028953f-3b0e-4385-a28c-60ad3c3a4478,glove.holdings,available,67.98,81.98,high,low,5,namecheap,,,29/09/2026 01:21
0a60ff08-9568-46e9-b60f-8268b31828e0,breasts.holdings,available,80.99,,medium,low,7,name.com,,,
ac592c2a-be27-436d-9e8a-ee79405811c5,untrusty.holdings,available,64.99,64.99,medium,low,8,namesilo,,,12/09/2026 21:46
d2bca6ba-e6c3-4a3c-8a4d-13b4840b5040,puissant.holdings,available,64.99,64.99,high,low,8,namesilo,,,09/09/2026 05:53
564d4b2a-4ea4-43d8-be2e-85c76adf9c6d,warships.holdings,available,52.01,52.01,medium,low,8,porkbun,,,01/10/2026 18:32
86bb348b-974f-45f7-8163-032057c9cadf,endorse.holdings,available,64.99,64.99,high,low,7,namesilo,,,08/09/2026 09:45
d4216196-7408-4910-9459-d0477a219560,afar.holdings,available,64.99,64.99,medium,low,4,namesilo,,,13/09/2026 17:46
842386cf-9560-4640-b519-364348eb65cd,diy.holdings,available,64.99,64.99,high,low,3,namesilo,,,01/10/2026 01:42
8efa819c-321b-4e69-98eb-5959ab68dd46,cast.holdings,available,51.95,51.95,high,low,4,spaceship,,,27/09/2026 20:35
a6e68fe9-e81b-4579-8be9-298d8ec91365,delusional.holdings,available,64.99,64.99,medium,low,10,namesilo,,,14/08/2026 00:51
890c1d68-1f78-4433-b442-edb580d9d7d1,updated.holdings,available,64.99,64.99,medium,low,7,namesilo,,,18/09/2026 06:09
4b06a26f-e47d-4eeb-a9c0-65212aaa0ac4,forbidding.holdings,available,64.99,64.99,medium,low,10,namesilo,,,18/08/2026 11:08
dd876465-b65f-40af-99fd-30bc232aa454,each.holdings,available,64.99,64.99,high,low,4,namesilo,,,24/09/2026 12:45
e44a2528-14b1-4d95-9361-7674a384b82b,dominical.holdings,available,64.99,64.99,medium,low,9,namesilo,,,14/08/2026 15:42
ab2f6d28-eaed-4657-ba10-b1acf2b62c5f,backer.holdings,available,64.99,64.99,high,low,6,namesilo,,,21/09/2026 15:26
db35a8c6-c34f-4f7a-ade2-c5338955b5fa,leigh.holdings,available,64.99,64.99,high,low,5,namesilo,,,25/09/2026 08:55
61f41387-e766-4180-9d03-d7a74f4f6f0d,strait.holdings,available,64.99,64.99,medium,low,6,namesilo,,,10/09/2026 21:53
bd9b1e5f-fc8e-48ec-a794-3075df81dd87,bristol.holdings,available,64.99,64.99,high,low,7,namesilo,,,24/09/2026 10:36
a8b79f2c-4807-476c-850b-b6678681bd44,arguably.holdings,available,67.98,81.98,medium,low,8,namecheap,,,13/09/2026 20:45
c4dd175f-f341-4c61-bc1a-3e5f9d6ee25e,importance.holdings,available,67.98,81.98,high,low,10,namecheap,,,29/09/2026 21:24
ed031c24-09f3-43ef-875c-50b581917df0,validating.holdings,available,67.98,81.98,high,low,10,namecheap,,,12/08/2026 20:53
583bb489-1cb1-4bd5-88f0-821851d687ba,pharaonic.holdings,available,67.98,81.98,medium,low,9,namecheap,,,08/09/2026 18:44
b4e4fdc0-b930-4c1c-80a2-5b8addf74b2d,duchess.holdings,available,64.99,64.99,high,low,7,namesilo,,,29/09/2026 16:59
005092a5-e99c-4ff3-8dc0-7ce9e3aed5ba,endow.holdings,available,64.99,64.99,high,low,5,namesilo,,,24/09/2026 23:37
f0fefeca-8872-4c93-b365-0184983fe4f4,moroccan.holdings,available,64.99,64.99,high,low,8,namesilo,,,24/08/2026 16:17
12ffe400-da1d-4c9e-8b72-58b03eeea700,cakes.holdings,available,50.2,50.2,medium,low,5,cloudflare,,,28/09/2026 13:16
fa6e94db-93a9-44f5-97de-b0a0bff5011b,annapolis.holdings,available,64.99,64.99,medium,low,9,namesilo,,,19/09/2026 10:10
54a72673-86d4-4b23-a5e6-29b9831a7c46,ravenous.holdings,available,64.99,64.99,medium,low,8,namesilo,,,15/08/2026 06:13
2c54d458-22b7-4615-b619-59d046f339e1,phantasy.holdings,available,64.99,64.99,high,low,8,namesilo,,,17/08/2026 21:58
6b10e163-a801-438a-b742-36dbe1d240cf,tissues.holdings,available,64.99,64.99,medium,low,7,namesilo,,,29/09/2026 10:39
50d3e8a1-02c8-4462-b81e-eccaefee100a,caddo.holdings,available,51.95,51.95,medium,low,5,spaceship,,,30/09/2026 16:33
1fa8a513-f044-4d53-b441-f86e05622e32,promotions.holdings,available,51.95,51.95,medium,low,10,spaceship,,,28/09/2026 08:51
8ce0b4bd-eac1-47f6-9cc5-b293f92a6842,mystically.holdings,available,64.99,64.99,medium,low,10,namesilo,,,15/09/2026 15:58
12663df7-214e-40a6-8240-bcc46351649a,mahoe.holdings,available,64.99,64.99,medium,low,5,namesilo,,,21/09/2026 21:57
23beeae7-6073-42b5-b551-a5fdb8db3425,sintered.holdings,available,64.99,64.99,high,low,8,namesilo,,,10/09/2026 08:34
ba900471-6184-4985-9b4c-7aa585d71c42,evolutionary.holdings,available,50.2,50.2,medium,low,12,cloudflare,,,29/09/2026 10:23
9c5fed0f-3076-42c0-83e6-cff8538b1cef,horsepower.holdings,available,50.2,50.2,high,low,10,cloudflare,,,29/09/2026 19:06
11561b76-bf15-4160-a789-c0ad7a0a960f,incomplete.holdings,available,64.99,64.99,high,low,10,namesilo,,,22/08/2026 01:53
55f00175-b212-41cc-b6f6-72e5d6ed88b0,english.holdings,premium,118.8,118.8,high,low,7,namesilo,,,24/09/2026 14:01
bbd11299-f08d-4285-981b-8cb5967f8fdb,preview.holdings,available,64.99,64.99,high,low,7,namesilo,,,30/09/2026 07:16
ceb76dc1-b750-4ed4-a6aa-4307b7de73ac,bazar.holdings,available,67.98,81.98,high,low,5,namecheap,,,22/09/2026 18:23
37ac9741-8ba4-4c4e-b4e5-66ab945d839e,dolly.holdings,available,64.99,64.99,high,low,5,namesilo,,,27/09/2026 13:05
a7be93f0-8c99-4f36-964a-1aebef64ce74,flat.holdings,available,64.99,64.99,high,low,4,namesilo,,,21/09/2026 12:19
5c15ba59-b2f9-4d98-9c55-d4d0af2d9ebb,overstated.holdings,available,64.99,64.99,medium,low,10,namesilo,,,17/08/2026 15:36
5451ea59-8dbc-4738-851d-64d994ad42d7,tenerife.holdings,available,67.98,81.98,high,low,8,namecheap,,,01/10/2026 04:01
aa25104e-eae1-4ecc-8bdb-a6b1f8e74b15,con.holdings,available,64.99,64.99,high,low,3,namesilo,,,28/09/2026 14:15
82e74189-b480-41ca-a9ea-9cc8a49552d9,christoph.holdings,available,53.72,53.72,medium,low,9,dynadot,,,28/09/2026 12:39
eef2ff6a-7a8c-4cd1-ab26-cb59147a4532,slut.holdings,available,64.99,64.99,high,low,4,namesilo,,,17/09/2026 10:21
47addd87-111c-4e45-b170-4133b2a2d265,lieutenants.holdings,available,51.95,51.95,low,low,11,spaceship,,,01/10/2026 17:56
34d8c88e-4172-45e6-b6c5-c5edce30e5cb,concealing.holdings,available,67.98,81.98,high,low,10,namecheap,,,12/08/2026 19:52
029a7ad5-b41d-4d41-9136-0135fbf202ad,unsavory.holdings,available,64.99,64.99,medium,low,8,namesilo,,,14/08/2026 13:05
f30e9781-48b7-417b-aa21-0d2835c2c4f8,disability.holdings,available,64.99,64.99,high,low,10,namesilo,,,24/09/2026 22:26
88292f3a-c8fe-4775-befe-0e2687725975,eruption.holdings,available,64.99,64.99,high,low,8,namesilo,,,24/09/2026 15:18
7de09aea-4065-4208-b539-91caf6bde723,formalized.holdings,available,64.99,64.99,high,low,10,namesilo,,,18/08/2026 12:03
556c5096-4622-4ac9-b235-be7d4a9b2486,fruit.holdings,available,50.2,50.2,high,low,5,cloudflare,,,29/09/2026 20:03
211aa227-77d9-48eb-a35b-69fde202892f,baseboard.holdings,available,64.99,64.99,medium,low,9,namesilo,,,22/09/2026 10:08
ebd142e0-6282-4b1a-995b-961d8efe9d47,unanimous.holdings,available,64.99,64.99,high,low,9,namesilo,,,12/08/2026 22:33
dcc69381-af3e-401c-a88c-bd2f722ad0ed,substitute.holdings,available,64.99,64.99,high,low,10,namesilo,,,22/09/2026 02:40
82d42ac9-38cc-463e-8bde-db7a739297f4,mechanisms.holdings,available,51.95,51.95,medium,low,10,spaceship,,,01/10/2026 16:08
c11c6c09-348c-46f0-9f23-0528f345dd6f,diplomatic.holdings,available,64.99,64.99,high,low,10,namesilo,,,24/09/2026 10:36
a0f6b1d5-927d-4ee2-a515-ff1301b4ed25,teachings.holdings,available,53.72,53.72,medium,low,9,dynadot,,,29/09/2026 23:08
58b2e555-b9a3-41e4-9822-61a91752f36b,hoover.holdings,available,64.99,64.99,high,low,6,namesilo,,,30/09/2026 17:36
accc6092-fbd0-4a1d-9e3f-d568d9a06ea5,inquire.holdings,available,51.95,51.95,high,low,7,spaceship,,,30/09/2026 19:07
4400aea5-779b-4bc8-98ca-fd04d68616c9,emil.holdings,available,64.99,64.99,high,low,4,namesilo,,,25/09/2026 15:33
2e675b6b-77fc-4303-8cc8-1ce32df393cc,pouf.holdings,available,64.99,64.99,medium,low,4,namesilo,,,09/09/2026 08:13
b9aacf7b-9f7f-46d7-b9df-6c4adbed5e59,corvine.holdings,available,64.99,64.99,medium,low,7,namesilo,,,13/08/2026 02:37
3bb8a388-926c-48ea-b6c4-c54c50856baf,buttercups.holdings,available,67.98,81.98,medium,low,10,namecheap,,,20/09/2026 19:49
6308ac9a-5f44-4d96-8d1a-74e49a8e8693,liver.holdings,available,64.99,64.99,high,low,5,namesilo,,,24/08/2026 08:02
27bd4825-836e-47cb-81df-86ce8c3edd17,nuisance.holdings,available,51.95,51.95,medium,low,8,spaceship,,,29/09/2026 19:51
a54863e6-68ac-4096-87a6-49f7f6041e8a,gouty.holdings,available,67.98,81.98,medium,low,5,namecheap,,,20/08/2026 17:18
ab199af4-c6d5-46d3-b8c2-d71611e243c4,andrew.holdings,available,52.01,52.01,high,medium,6,porkbun,,,28/09/2026 21:21
cc1587b2-d17e-4b75-aabd-f8ecdbacc4c4,crunch.holdings,available,67.98,81.98,high,low,6,namecheap,,,24/09/2026 19:53
e415664e-3e33-4bce-a262-726db9da09db,values.holdings,available,64.99,64.99,high,low,6,namesilo,,,30/09/2026 14:17
e32a2f1e-2afe-4780-9b8e-e994accd6bca,virtually.holdings,available,51.95,51.95,high,low,9,spaceship,,,28/09/2026 11:56
26b584ee-c175-45cb-8bcf-d036750f684d,credit.holdings,available,53.72,53.72,high,low,6,dynadot,,,29/09/2026 09:26
45a85d75-c98e-482f-a603-723ff8455365,dispatched.holdings,available,51.95,51.95,medium,low,10,spaceship,,,29/09/2026 17:05
acc97e46-6546-478d-a076-1ffadcc25f05,chinch.holdings,available,64.99,64.99,medium,low,6,namesilo,,,22/09/2026 22:46
eb4fc1e3-c0cb-40cc-9212-d78c6dbcffb0,curtain.holdings,available,64.99,64.99,high,low,7,namesilo,,,29/09/2026 13:08
cf8b4232-e3a2-4bae-bb8c-e2d47b15a35d,procurable.holdings,available,64.99,64.99,high,low,10,namesilo,,,18/08/2026 23:08
f3a15d7d-fb8e-45b4-923b-e34607736a4d,indecorous.holdings,available,64.99,64.99,medium,low,10,namesilo,,,22/08/2026 02:18
6be9778c-b934-459a-be99-8bf6a807e6dd,shops.holdings,available,80.99,84.99,high,low,5,name.com,,,18/09/2026 06:22
f7fbedb2-e639-49d7-8030-94ae255a7cd4,thermic.holdings,available,64.99,64.99,medium,low,7,namesilo,,,11/08/2026 15:05
acc07101-9a52-49a1-acbc-378686f1f332,center.holdings,available,52.01,52.01,high,low,6,porkbun,,,30/09/2026 13:21
04b202dd-3bae-4e1c-b8b8-4466b0b015bc,absorption.holdings,available,67.98,81.98,high,low,10,namecheap,,,16/09/2026 18:19
1e885690-d2d4-4a49-9e33-013ab8a9b136,grieve.holdings,available,51.95,51.95,medium,low,6,spaceship,,,01/10/2026 21:44
283845b2-7465-42d7-9a69-0ca9a319f85e,priestly.holdings,available,64.99,64.99,medium,low,8,namesilo,,,21/08/2026 08:22
291eef99-d322-485b-bfe4-b7d87f5da5ba,discount.holdings,available,50.2,50.2,high,low,8,cloudflare,,,29/09/2026 01:01
af430821-6090-4a91-a20a-04204bd2685d,shaper.holdings,available,64.99,64.99,high,low,6,namesilo,,,30/09/2026 03:43
8ee1546c-2e92-4b2a-ae98-c2c5a2e84a32,cra.holdings,available,50.2,50.2,high,low,3,cloudflare,,,30/09/2026 12:45
cefdb8a4-8302-41a9-bb90-7524ed787ad6,imposter.holdings,available,64.99,64.99,medium,low,8,namesilo,,,09/09/2026 04:57
d3e408d4-867d-43f6-9a1b-cef9cd79f200,restrain.holdings,available,51.95,51.95,medium,low,8,spaceship,,,30/09/2026 03:00
7818e716-3530-48cb-afe7-0e400363195e,tantalum.holdings,available,64.99,64.99,medium,low,8,namesilo,,,20/09/2026 23:42
0dbcc0c6-7f02-4e1c-8234-9656788e41cf,elsa.holdings,available,50.2,50.2,high,low,4,cloudflare,,,28/09/2026 08:37
00e166d9-cbc9-4e7f-91a3-bc675b52595c,gall.holdings,available,67.98,81.98,medium,low,4,namecheap,,,23/09/2026 15:42
27a1c958-6baa-4be3-8512-2f38d8edebb2,pcs.holdings,available,64.99,64.99,high,low,3,namesilo,,,27/09/2026 08:22
146a4c65-0215-4158-9e09-e179565352bf,vor.holdings,available,51.95,51.95,medium,low,3,spaceship,,,30/09/2026 03:38
39115417-a961-43de-8151-0292b76737e5,nourishing.holdings,available,67.98,81.98,high,low,10,namecheap,,,19/09/2026 17:50
12e57829-c6f2-48d0-bf09-99d0af896ac0,voronezh.holdings,available,51.95,51.95,medium,low,8,spaceship,,,30/09/2026 21:25
dc116aae-0e59-4b53-9394-bdf8957f7be2,chock.holdings,available,64.99,64.99,medium,low,5,namesilo,,,14/09/2026 06:47
ba254f9c-98a3-4563-8431-bf5d61d97f81,carols.holdings,available,67.98,81.98,medium,low,6,namecheap,,,17/09/2026 18:54
971a43d0-2c79-4b0e-9746-aff289f5394a,dahna.holdings,available,67.98,81.98,medium,low,5,namecheap,,,19/09/2026 23:21
a2e10d84-93e4-4184-b810-a8de6e662975,jerking.holdings,available,64.99,64.99,medium,low,7,namesilo,,,06/08/2026 21:58
4d43a8e9-9140-4eb2-89d3-49bacf3046ef,grandes.holdings,available,64.99,64.99,medium,low,7,namesilo,,,01/10/2026 01:08
7177083c-54e6-4450-8791-239196dc19c1,vindicator.holdings,available,67.98,81.98,medium,low,10,namecheap,,,19/09/2026 18:48
fd6b4ca6-f5cd-454e-b440-a24c3264be14,apse.holdings,available,67.98,81.98,high,low,4,namecheap,,,19/09/2026 22:33
09159516-8e49-4d6a-a6d2-0a075f10ff51,remington.holdings,available,51.95,51.95,high,low,9,spaceship,,,02/10/2026 03:00
5c981bf0-3be5-4ab3-8a17-f2def3bc51e4,aerobic.holdings,available,67.98,81.98,high,low,7,namecheap,,,21/09/2026 21:01
f4aff61c-d2cb-413c-afc1-9756a906c1b4,wrap.holdings,available,64.99,64.99,high,low,4,namesilo,,,26/09/2026 00:32
ac9cc3e3-5634-4041-876a-85bd4d3f1bef,sacredly.holdings,available,64.99,64.99,medium,low,8,namesilo,,,15/09/2026 23:01
9ee50176-50a7-468a-9f80-12f45c0e4240,tioga.holdings,available,51.95,51.95,high,low,5,spaceship,,,30/09/2026 13:45
c8ad5d9e-32c5-4e16-ad07-21fea84f22cd,exercises.holdings,available,64.99,64.99,medium,low,9,namesilo,,,28/09/2026 17:18
96d40840-90f9-4e79-bf2c-598d2b0a99ac,lifespan.holdings,available,51.95,51.95,high,low,8,spaceship,,,01/10/2026 20:20
29f4959f-cdc2-4ff9-be6e-8cf708b69e81,blackface.holdings,available,64.99,64.99,medium,low,9,namesilo,,,24/09/2026 02:15
896d64ce-b0c0-4641-a1e3-7e4f39264948,depot.holdings,available,64.99,64.99,high,low,5,namesilo,,,11/09/2026 11:49
2e99b12d-1c54-4a17-bc4d-16e16645775e,danseuse.holdings,available,64.99,64.99,medium,low,8,namesilo,,,21/09/2026 22:50
0f341378-c9b2-4250-9ee4-5de8e034bf51,daniela.holdings,available,64.99,64.99,medium,low,7,namesilo,,,02/10/2026 01:34
0848b246-4ad9-48fe-8d0f-5f08b2b431ca,ashkenazi.holdings,available,64.99,64.99,medium,low,9,namesilo,,,20/09/2026 13:54
3f61220a-942d-4a05-91e8-f5cf282be427,motor.holdings,available,67.98,81.98,high,low,5,namecheap,,,25/09/2026 21:51
3ef98dc7-d87a-4058-bb15-d4390c8b3027,banter.holdings,available,64.99,64.99,high,low,6,namesilo,,,28/09/2026 07:57
3971dcb6-a7d0-4388-a677-350141879fce,mitigated.holdings,available,64.99,64.99,medium,low,9,namesilo,,,25/08/2026 02:06
8fb60a6c-ddc6-4da9-b9ae-91013674455e,agate.holdings,available,64.99,64.99,high,low,5,namesilo,,,17/09/2026 16:25
adaacace-6f77-4ffd-b738-0216da3e00fd,darrow.holdings,available,64.99,64.99,medium,low,6,namesilo,,,30/09/2026 09:12
ce314ae5-a3d3-42b7-a13b-109fa9fb5071,opposed.holdings,available,64.99,64.99,high,low,7,namesilo,,,04/09/2026 16:45
68eae702-1fe2-40e4-b143-f9671d26d4f8,annually.holdings,available,51.95,51.95,medium,low,8,spaceship,,,28/09/2026 11:16
99e5710e-7605-4948-bc50-ac1b2277788a,arundo.holdings,available,64.99,64.99,medium,low,6,namesilo,,,20/09/2026 12:25
ae5f6e71-5b04-42a0-9b11-9986c9b2fde1,allspice.holdings,available,64.99,64.99,high,low,8,namesilo,,,18/09/2026 12:10
928eda46-8ffe-4e1c-a3e3-7327902fda0b,sizable.holdings,available,64.99,64.99,high,low,7,namesilo,,,20/08/2026 16:38
4d9bee89-f7be-4d49-8d0c-d7dcdc2a0bfc,infiltration.holdings,available,64.99,64.99,medium,low,12,namesilo,,,30/09/2026 23:19
1e27bead-7f18-4d2d-b9ba-66c765571dcc,baas.holdings,available,67.98,81.98,high,low,4,namecheap,,,21/09/2026 12:09
d3664b03-c4d4-4d35-a5a8-d6c1ec830716,taipeh.holdings,available,67.98,81.98,medium,low,6,namecheap,,,24/09/2026 12:26
097d21a2-8dbc-49af-9cf6-1575d80ac950,kirkpatrick.holdings,available,51.95,51.95,medium,low,11,spaceship,,,28/09/2026 12:22
85077f03-1ee8-47d5-8ca3-9771c4ff63bf,passports.holdings,available,64.99,64.99,medium,low,9,namesilo,,,20/09/2026 09:52
f4763552-bfc4-47e7-bb6f-6590f0078627,soleless.holdings,available,64.99,64.99,low,low,8,namesilo,,,10/09/2026 13:37
1e3712d8-9b4e-43e3-9356-78aa629c6889,lofty.holdings,available,64.99,64.99,high,low,5,namesilo,,,17/08/2026 15:42
b1ab7874-2994-4a3b-963f-bad60f7b3f07,sprouted.holdings,available,64.99,64.99,medium,low,8,namesilo,,,10/09/2026 16:55
315958d8-1335-4bed-880b-8148c9c4377c,chagrined.holdings,available,64.99,64.99,medium,low,9,namesilo,,,
78448abb-d3f1-40e6-8bb4-4048fac54682,pharma.holdings,available,51.95,51.95,high,low,6,spaceship,,,02/10/2026 04:38
5d9312d0-fac1-4961-a01f-880a648e4069,addin.holdings,available,67.98,81.98,high,low,6,namecheap,,,17/09/2026 06:37
b90b849c-28a5-48aa-9fda-71363cf51252,edo.holdings,available,64.99,64.99,high,low,3,namesilo,,,28/09/2026 01:23
2c354e75-0b8e-4b0b-843e-04e864b6df8f,guiding.holdings,available,64.99,64.99,high,low,7,namesilo,,,14/08/2026 08:49
d1ae4f4d-1012-4310-afc8-c71766ec543d,additionally.holdings,available,50.2,50.2,medium,low,12,cloudflare,,,30/09/2026 14:34
15657b28-d58c-4d43-a2e0-654676a9b138,zapotec.holdings,available,64.99,64.99,high,low,7,namesilo,,,13/09/2026 15:07
98503b32-cf6b-4943-b472-ed61266e4eff,rotted.holdings,available,67.98,81.98,medium,low,6,namecheap,,,13/08/2026 21:01
31e5fad5-b32d-4609-98fa-2dd12441d4af,washout.holdings,available,67.98,81.98,medium,low,7,namecheap,,,14/08/2026 20:57
2edc5238-cdd8-41eb-bac0-10452f5bb73e,immovable.holdings,available,67.98,81.98,high,low,9,namecheap,,,21/08/2026 21:17
3410abbf-18af-40b2-b51d-d1908c0b41b7,lindbergh.holdings,available,64.99,64.99,medium,low,9,namesilo,,,29/09/2026 06:20
1898d765-021d-4d7d-8964-3d29d2f5a190,jagged.holdings,available,64.99,64.99,medium,low,6,namesilo,,,17/08/2026 12:32
3c163885-2004-4991-9969-f66cf66ba53b,mainz.holdings,available,64.99,64.99,high,low,5,namesilo,,,28/09/2026 03:51
ea4b96a1-3f0f-4526-918c-fbeba22611e2,querier.holdings,available,64.99,64.99,medium,low,7,namesilo,,,20/09/2026 14:26
bbe11cbc-b694-475f-bf9e-a13e40605084,tertiary.holdings,available,64.99,64.99,medium,low,8,namesilo,,,
35cbdc48-acfe-4852-b5b1-c95c6747f81b,lxxxiv.holdings,available,64.99,64.99,medium,low,6,namesilo,,,
4582585c-4ad4-498f-9438-a645b1b0ee21,filesize.holdings,available,64.99,64.99,medium,low,9,namesilo,,,
6df376fb-a376-4553-841b-587457f655f4,generates.holdings,available,64.99,64.99,medium,low,9,namesilo,,,08/09/2026 05:16
c49159dd-d56a-4d05-8dc4-724f1d1ac69b,malicious.holdings,available,64.99,64.99,medium,low,9,namesilo,,,24/08/2026 14:02
ebd9fed2-a34f-49a8-b612-ff0c4080b7bc,tartu.holdings,available,50.2,50.2,medium,low,5,cloudflare,,,30/09/2026 18:53
ee712260-7841-4c5f-ab48-57df23fd7769,bergamot.holdings,available,64.99,64.99,high,low,8,namesilo,,,23/09/2026 09:18
ecad0296-72c9-4ec5-8d3a-9a771719a518,wwii.holdings,available,51.95,51.95,medium,low,4,spaceship,,,28/09/2026 07:36
fb8a07f6-8c48-42e1-8d93-b9b09a0f1d9d,styria.holdings,available,50.2,50.2,medium,low,6,cloudflare,,,30/09/2026 21:45
19ff4474-9305-4b40-871f-14872fba7c96,abbott.holdings,available,52.01,52.01,high,low,6,porkbun,,,27/09/2026 17:56
1b56a8c8-9453-430c-ab8e-60afd3c65933,formed.holdings,available,64.99,64.99,high,low,6,namesilo,,,18/08/2026 12:09
d6a98331-a1fc-46bb-b039-47b4ddda67e7,aguirre.holdings,available,67.98,81.98,high,low,7,namecheap,,,30/09/2026 05:28
f86a7987-f721-4dca-aace-0268f7608904,ruined.holdings,available,64.99,64.99,high,low,6,namesilo,,,27/09/2026 16:41
718c937b-8b25-4417-b3c9-289cc04cd3f3,barton.holdings,available,50.2,50.2,high,low,6,cloudflare,,,28/09/2026 11:33
7807cc1c-ec03-470b-910f-c862f0925117,clapper.holdings,available,80.99,84.99,medium,low,7,name.com,,,19/09/2026 20:51
4a43d481-f8ba-4ef8-b0f0-01841cb75ca8,drunkard.holdings,available,67.98,81.98,medium,low,8,namecheap,,,14/08/2026 20:21
c493ba27-6da6-4c58-864e-b6f41a933d25,measured.holdings,available,64.99,64.99,high,low,8,namesilo,,,11/08/2026 13:59
3b7b2a39-8100-4d2a-a181-1f1ad3642068,modeller.holdings,available,67.98,81.98,high,low,8,namecheap,,,30/09/2026 04:47
7e1aa03a-b566-4f6a-aa32-622f7693944e,jungle.holdings,available,64.99,64.99,high,low,6,namesilo,,,25/09/2026 07:25
0cba3d6c-230a-444f-be5b-a9be548ddb95,anglesey.holdings,available,64.99,64.99,high,low,8,namesilo,,,19/09/2026 06:27
2e1c7d6b-8793-4024-b35f-982831b9a5bd,fluffy.holdings,available,67.98,81.98,high,low,6,namecheap,,,14/08/2026 17:46
1f45b022-7473-4d8a-a34b-11c0752240c4,brumal.holdings,available,64.99,64.99,medium,low,6,namesilo,,,11/08/2026 06:36
a81a2a04-6297-4294-ab51-e10c2e25ab5e,prokhorov.holdings,available,64.99,64.99,high,low,9,namesilo,,,18/09/2026 05:06
89dc5f37-1054-49dc-be07-3371ed70d1bb,tens.holdings,available,51.95,51.95,medium,low,4,spaceship,,,29/09/2026 03:02
960a3212-bd2f-43f8-979f-f7f80fe11a5e,mullen.holdings,available,64.99,64.99,medium,low,6,namesilo,,,30/09/2026 03:34
98ee52b5-d477-4ce1-8e34-4c505d0ebeef,contradiction.holdings,available,53.72,53.72,medium,low,13,dynadot,,,29/09/2026 15:55
73a97850-37e5-4cc5-bedc-70176b86f190,kazan.holdings,available,67.98,81.98,high,low,5,namecheap,,,28/09/2026 05:35
ce87b04b-8d30-4642-ae44-5fa41b378a96,wellness.holdings,available,50.2,50.2,high,medium,8,cloudflare,,,01/10/2026 18:55
dff86246-4668-4c82-b3bd-51084b3b52b4,palmer.holdings,available,64.99,64.99,high,low,6,namesilo,,,20/09/2026 08:18
4aecd333-514a-46a5-92d0-4d55264d0a67,blench.holdings,available,64.99,64.99,medium,low,6,namesilo,,,04/09/2026 23:29
a8bf3142-ee02-464a-ae0f-a7d89e0b95e8,beneficiary.holdings,available,51.95,51.95,high,low,11,spaceship,,,30/09/2026 03:53
15900ae9-c776-4a4a-af88-12d6ec51a736,moody.holdings,available,64.99,64.99,high,low,5,namesilo,,,20/08/2026 14:59
0660d159-f398-47ae-a270-dfca4efdb3cd,pillage.holdings,available,64.99,64.99,medium,low,7,namesilo,,,08/09/2026 21:56
cefd5a44-3b6f-47c3-bc11-94467d7ab69e,pittsfield.holdings,available,64.99,64.99,medium,low,10,namesilo,,,29/09/2026 07:52
1689aec8-9957-4acc-a5f0-2d495aee787e,stairway.holdings,available,64.99,64.99,high,low,8,namesilo,,,29/09/2026 08:07
e1be7882-8fad-4480-a4a0-2b3862785dda,churning.holdings,available,64.99,64.99,medium,low,8,namesilo,,,12/08/2026 07:51
36f6d535-88b5-47dd-a0ab-221c2cce1184,betimes.holdings,available,64.99,64.99,medium,low,7,namesilo,,,13/09/2026 23:59
a50d36a0-88f8-4b7e-87e1-2346f0fdc7d4,consecutive.holdings,available,64.99,64.99,medium,low,11,namesilo,,,29/09/2026 04:45
456707c5-e3a8-4ba1-95d0-725f98260e93,garner.holdings,available,51.95,51.95,high,low,6,spaceship,,,02/10/2026 05:00
5e3570a4-a082-48f5-96d9-0d93e0044d80,chords.holdings,available,64.99,64.99,medium,low,6,namesilo,,,29/09/2026 16:32
a76a5c1a-ad32-4cce-abcc-440d85b97e84,vote.holdings,available,64.99,64.99,high,medium,4,namesilo,,,29/09/2026 00:47
88eab69e-fd82-4ca1-a817-18e448a5a59f,floodlit.holdings,available,64.99,64.99,medium,low,8,namesilo,,,18/08/2026 08:47
86d74013-962b-40a5-9faa-7b5a276ff0fe,conduct.holdings,available,64.99,64.99,high,low,7,namesilo,,,23/09/2026 03:13
c749338e-9221-47c9-a730-bf17b91d6881,billings.holdings,available,67.98,81.98,high,low,8,namecheap,,,23/09/2026 16:32
5dfb5573-70cc-49d8-a10b-57c29d452b8f,stalking.holdings,available,51.95,51.95,medium,low,8,spaceship,,,28/09/2026 20:33
15e068d1-3518-4ae7-910c-700c9bee2dcb,manganese.holdings,available,64.99,64.99,medium,low,9,namesilo,,,20/09/2026 22:40
0183d67c-e25b-41df-a3e1-ebb7801af01f,apolitical.holdings,available,64.99,64.99,medium,low,10,namesilo,,,06/08/2026 02:02
e5a0923b-de42-499e-91a3-7a3d7c4508c8,crummy.holdings,available,64.99,64.99,medium,low,6,namesilo,,,11/08/2026 09:02
bcf0ea64-e844-4cff-814f-18d24fef52c0,parenting.holdings,available,64.99,64.99,high,low,9,namesilo,,,
4029ab9b-ccc8-4379-bdfc-62d94abc2772,carboxylic.holdings,available,64.99,64.99,medium,low,10,namesilo,,,11/08/2026 18:46
9d630838-9b78-4bff-85ef-4ce0ba497129,antigen.holdings,available,64.99,64.99,high,low,7,namesilo,,,19/09/2026 14:24
2b4cd141-ff48-4d61-8c76-023e93c7c416,kearny.holdings,available,64.99,64.99,medium,low,6,namesilo,,,29/09/2026 22:45
27130c58-a068-45ac-b0bc-2f1bda620a55,speedup.holdings,available,64.99,64.99,high,low,8,namesilo,,,
34cfc623-97fc-458b-9587-53a0065a3f57,baked.holdings,available,,,high,low,5,,,,
f5e97c21-3e11-44df-ac44-f24d3c439e3b,newer.holdings,available,64.99,64.99,medium,low,5,namesilo,,,18/09/2026 15:53
50d68a40-665e-44ee-99ad-ec466bc05501,shampoo.holdings,available,51.95,51.95,high,low,7,spaceship,,,30/09/2026 02:51
014626f1-3362-4339-b754-83cac8da7a8c,brummagem.holdings,available,64.99,64.99,medium,low,9,namesilo,,,11/08/2026 06:42
ca2e4554-63b4-4f3a-8a2d-fc64e79c05eb,flicker.holdings,available,51.95,51.95,medium,low,7,spaceship,,,01/10/2026 19:36
a386216c-210b-4d95-808a-7f75c3aab234,encountered.holdings,available,64.99,64.99,medium,low,11,namesilo,,,28/09/2026 23:17
c8200ceb-c3e7-4659-80d6-0fc0183f001f,numerable.holdings,available,64.99,64.99,medium,low,9,namesilo,,,13/08/2026 03:32
f934f5e8-ddaa-4231-9a44-fa05dc0deeb2,berry.holdings,available,67.98,81.98,high,low,5,namecheap,,,23/09/2026 10:10
b47fcd10-cc6e-4cea-80dc-86f53536592c,offish.holdings,available,64.99,64.99,low,low,6,namesilo,,,04/09/2026 01:35
07f6de6d-e675-4ab6-8d9d-2f06741db910,partizan.holdings,available,64.99,64.99,high,low,8,namesilo,,,08/09/2026 02:09
f42a4c3b-b4af-4a24-848e-663af4230aa1,yacht.holdings,available,53.72,53.72,high,low,5,dynadot,,,28/09/2026 02:59
11ee87b6-6988-4494-8418-014700596eca,teaspoons.holdings,available,64.99,64.99,medium,low,9,namesilo,,,19/09/2026 22:48
9068ee30-57ab-4f71-ac45-bda64f966959,vengeful.holdings,available,51.95,51.95,medium,low,8,spaceship,,,27/09/2026 13:56
79df25fa-c3ac-4be6-b2e0-b5bdd0eb61b4,analysts.holdings,available,52.01,52.01,medium,low,8,porkbun,,,30/09/2026 07:46
682dc857-0177-4aee-a5e9-9e2d9a56a429,beadwork.holdings,available,67.98,81.98,high,low,8,namecheap,,,22/09/2026 19:29
2f40fbf4-837f-47d4-bd7f-d50eb8285922,lxxxi.holdings,available,64.99,64.99,medium,low,5,namesilo,,,
f94464af-8195-4afe-a434-2c123023a9db,fishtail.holdings,available,64.99,64.99,medium,low,9,namesilo,,,
9313afb1-33e0-4d91-92f1-57f56fc06a18,tibet.holdings,available,51.95,51.95,high,low,5,spaceship,,,28/09/2026 20:29
22cc9510-f80c-4f15-a539-308d1a46eb5d,fungus.holdings,available,51.95,51.95,medium,low,6,spaceship,,,28/09/2026 14:14
fe0125f5-2029-42d6-8d52-d894adbc0482,exigent.holdings,available,64.99,64.99,medium,low,7,namesilo,,,13/08/2026 09:31
1e8ed615-b0c1-4c58-8850-168d713c974b,prodigal.holdings,available,64.99,64.99,high,low,8,namesilo,,,09/09/2026 02:36
a13a0c49-dd95-4d9d-9ff2-45878b9b3c63,padded.holdings,available,64.99,64.99,high,low,6,namesilo,,,13/08/2026 11:57
483bdf60-d5bb-47b7-b8b8-0689343b423b,rounder.holdings,available,64.99,64.99,medium,low,7,namesilo,,,23/08/2026 00:51
db92d405-e5f8-4965-bbd1-b8c5f6c65b67,equine.holdings,available,64.99,64.99,high,low,6,namesilo,,,17/08/2026 11:45
5c787ee8-4f4e-4abd-821c-34e41b7021a2,synaptic.holdings,available,64.99,64.99,high,low,8,namesilo,,,11/09/2026 06:09
f8eaa263-3f55-4d26-9707-318653bf9cc6,establishing.holdings,available,51.95,51.95,high,low,12,spaceship,,,29/09/2026 21:01
dacfd816-51c5-4dc8-9c69-997cc58191ed,faculty.holdings,available,64.99,64.99,high,low,7,namesilo,,,28/09/2026 09:44
92c4f94d-d11c-4dbf-80f1-ede49efc06bc,amniota.holdings,available,64.99,64.99,medium,low,7,namesilo,,,18/09/2026 22:27
2be153ed-b9e6-4940-90c1-edd9336e8e13,shagged.holdings,available,64.99,64.99,medium,low,7,namesilo,,,10/09/2026 05:30
06e1ff49-3c01-4613-aafe-c1f43eedac1b,newcomb.holdings,available,50.2,50.2,high,low,7,cloudflare,,,29/09/2026 13:33
3b93526a-740b-4527-8e85-17c10c80d1f2,prior.holdings,available,64.99,64.99,high,low,5,namesilo,,,27/09/2026 06:07
78b09514-14f4-45f1-994c-f366be7dda8f,gentile.holdings,available,64.99,64.99,high,low,7,namesilo,,,18/08/2026 21:53
a9b25fc7-7a31-48ad-b44b-ea929fa9f1fd,deceiving.holdings,available,64.99,64.99,medium,low,9,namesilo,,,02/10/2026 01:33
fbaa5588-8fdf-4689-8924-3a286bc631ce,absolutely.holdings,available,64.99,64.99,high,low,10,namesilo,,,28/09/2026 11:36
134a1af8-d8a7-4ea3-a2a4-b0e0f6d166be,contention.holdings,available,67.98,81.98,medium,low,10,namecheap,,,20/09/2026 04:48
28b99053-0aa9-43ea-945c-12513b18fca1,fitfully.holdings,available,64.99,64.99,medium,low,8,namesilo,,,14/09/2026 18:43
fab7e90d-2cbf-4c3b-9050-a2638534272d,norse.holdings,available,67.98,81.98,high,low,5,namecheap,,,03/09/2026 21:11
2bb70455-51b1-4de8-8343-4c315f83b1a6,bicker.holdings,available,64.99,64.99,medium,low,6,namesilo,,,23/09/2026 13:12
17691488-01ed-4e49-82c2-48b5548cba22,stove.holdings,available,67.98,81.98,high,low,5,namecheap,,,19/09/2026 18:48
7d14d738-dc3b-46af-87fc-5e33824beff1,inspection.holdings,available,50.2,50.2,high,low,10,cloudflare,,,30/09/2026 13:38
a0350d9e-ad5d-49fc-9e07-e00b174fe074,vocation.holdings,available,51.95,51.95,high,low,8,spaceship,,,30/09/2026 16:34
a6811b27-9441-40a8-841a-26c030ca3a25,jihadi.holdings,available,64.99,64.99,medium,low,6,namesilo,,,22/08/2026 13:21
2bed9f66-2d33-499c-b570-0fadd3c2c008,citrous.holdings,available,67.98,81.98,medium,low,7,namecheap,,,25/09/2026 05:54
466e4fdd-da24-4f14-a951-60d425d1197e,growling.holdings,available,53.72,53.72,medium,low,8,dynadot,,,30/09/2026 09:58
430e94fb-57c0-4abf-b077-10d15db3ad96,crockett.holdings,available,64.99,64.99,medium,low,8,namesilo,,,28/09/2026 01:43
682bab31-d26c-4e7d-b7dc-8fd1847a78ab,pout.holdings,available,67.98,81.98,medium,low,4,namecheap,,,18/09/2026 18:12
afc08219-2222-4f83-85bb-e8a414d6fbea,cockmaster.holdings,available,50.2,50.2,low,low,10,cloudflare,,,01/10/2026 07:58
1c0097e4-739e-4222-a022-b2929483b968,genital.holdings,available,64.99,64.99,medium,low,7,namesilo,,,18/08/2026 21:40
10f63990-bedc-4e57-929d-cf69cf634ce7,libber.holdings,available,64.99,64.99,medium,low,6,namesilo,,,18/08/2026 01:03
a49e5665-d549-4085-b86f-4bacd87877b9,shoulders.holdings,available,64.99,64.99,medium,low,9,namesilo,,,
3dfb16c6-a7da-4904-864d-9d4c3846f53d,authorizer.holdings,available,64.99,64.99,medium,low,10,namesilo,,,21/09/2026 05:13
34da54a1-19a3-4296-bae4-93dba53c3083,rape.holdings,available,67.98,81.98,high,low,4,namecheap,,,24/09/2026 08:17
53a7ddff-c624-47f2-ac4d-e4bc81d57457,gruff.holdings,available,64.99,64.99,high,low,5,namesilo,,,13/08/2026 11:25
dae5267e-7387-45bc-a14f-b4fb94a084ca,playoffs.holdings,available,51.95,51.95,medium,low,8,spaceship,,,30/09/2026 15:19
1d78bfa7-02af-4936-bab9-c705aef90bf5,overside.holdings,available,64.99,64.99,medium,low,8,namesilo,,,15/09/2026 18:29
09e2efe7-b78f-4ca6-8eae-6afacaf3fd7b,blues.holdings,available,53.72,53.72,high,low,5,dynadot,,,29/09/2026 03:01
0643e7ce-0efa-4eac-b1ab-0d516a74b005,achondrite.holdings,available,67.98,81.98,medium,low,10,namecheap,,,17/09/2026 00:54
49344393-09c9-4b69-81a4-47fa119f19a4,ano.holdings,available,67.98,81.98,high,low,3,namecheap,,,16/09/2026 18:45
83367e5a-7dc4-4a5f-9a6c-57a01dd7ae04,rowley.holdings,available,64.99,64.99,medium,low,6,namesilo,,,28/09/2026 12:08
05928ab4-0d0f-491e-9292-4ea370c7a3f0,dickson.holdings,available,67.98,81.98,high,low,7,namecheap,,,25/09/2026 15:42
50d85f9a-1b8f-482e-b430-cf19e12e1a6c,essay.holdings,available,64.99,64.99,high,low,5,namesilo,,,21/09/2026 01:17
baba76da-e5e7-4f61-888a-b0000bb22a25,wickedness.holdings,available,64.99,64.99,medium,low,10,namesilo,,,17/08/2026 15:06
514fea94-baf2-491a-9d13-35ae96dd8577,arizona.holdings,premium,118.8,118.8,high,low,7,namesilo,,,20/09/2026 06:05
6e25eb5e-c51c-452e-aff6-74948f33434f,lark.holdings,available,67.98,81.98,high,low,4,namecheap,,,30/09/2026 09:46
23d80683-f706-442e-ba30-fc8aa628decc,sleazy.holdings,available,64.99,64.99,medium,low,6,namesilo,,,11/08/2026 09:04
47976e5e-4415-431d-b342-666ecb7827d4,wavy.holdings,available,64.99,64.99,high,low,4,namesilo,,,13/08/2026 06:54
17b04c86-bba9-4b2e-9e94-80a304b342e5,bottle.holdings,available,64.99,64.99,high,low,6,namesilo,,,24/09/2026 07:30
3bc69168-64ab-48a3-a6a0-a98b16180ac6,dualistic.holdings,available,64.99,64.99,medium,low,9,namesilo,,,14/08/2026 20:40
4dd17a32-6c74-4c75-93a0-4c8acf3daac7,passes.holdings,available,64.99,64.99,medium,low,6,namesilo,,,27/09/2026 02:49
18ac9b8e-2ba9-4cce-86d3-b0efdb219e37,lavatory.holdings,available,64.99,64.99,high,low,8,namesilo,,,09/09/2026 02:14
79733f33-9bd0-4a9a-838f-7f70a68030d9,counties.holdings,available,64.99,64.99,medium,low,8,namesilo,,,30/09/2026 22:53
c23e8a55-bf94-498f-9b3a-6ee1bf072d2e,boringly.holdings,available,64.99,64.99,medium,low,8,namesilo,,,14/09/2026 01:08
d536c81c-b34f-4a86-9ca5-1fb1007db49a,megascopic.holdings,available,67.98,81.98,medium,low,10,namecheap,,,24/08/2026 19:26
eb2e2a17-1d6e-41eb-a472-6316a630cd2e,burglary.holdings,available,64.99,64.99,medium,low,8,namesilo,,,29/09/2026 00:17
b494cbe7-1575-43d1-a870-bbca6e3cb6a6,human.holdings,available,64.99,64.99,high,medium,5,namesilo,,,25/09/2026 06:15
a1d41be9-7333-41fd-b47b-a658b5cab1f7,upmarket.holdings,available,64.99,64.99,high,low,8,namesilo,,,12/09/2026 23:13
86e61c9c-82d6-4615-ba87-b029c4efd522,ohio.holdings,premium,102.67,102.67,high,low,4,spaceship,,,29/09/2026 04:57
624cccba-4f87-4152-9a58-91d233bcf1c7,dating.holdings,available,64.99,64.99,high,low,6,namesilo,,,29/09/2026 13:14
004de978-20a3-4dbc-8482-56b35f94d698,herat.holdings,available,51.95,51.95,medium,low,5,spaceship,,,01/10/2026 19:57
91fb484b-14d5-49f9-a10a-d9904a230a34,kenyon.holdings,available,51.95,51.95,medium,low,6,spaceship,,,28/09/2026 04:16
b1a43d4d-aaa7-447a-ab1e-e41a1a857acf,rag.holdings,available,64.99,64.99,high,low,3,namesilo,,,24/09/2026 12:22
c72d0c22-7f24-470a-9f94-7429ec75eead,atp.holdings,available,51.95,51.95,high,low,3,spaceship,,,28/09/2026 18:27
78dde3f7-7535-4184-920d-be82f95cca3d,bagger.holdings,available,67.98,81.98,medium,low,6,namecheap,,,21/09/2026 18:02
cc04a4a2-ecf2-4f65-be1d-90ce0c82100d,commandery.holdings,available,52.01,52.01,high,low,10,porkbun,,,29/09/2026 00:27
01b3a839-5624-480b-a936-a01ea1ae021d,monarchal.holdings,available,64.99,64.99,medium,low,9,namesilo,,,25/08/2026 04:07
04056dfd-16f5-49af-96f5-ea14d571df0b,autosexing.holdings,available,67.98,81.98,medium,low,10,namecheap,,,21/09/2026 07:42
d6b5c330-acd2-4ae8-9515-6e32389c94de,brakes.holdings,available,64.99,64.99,high,low,6,namesilo,,,24/09/2026 08:09
ffdc563a-5554-48ef-8175-912cb5a13415,viscid.holdings,available,64.99,64.99,medium,low,6,namesilo,,,20/08/2026 15:23
a7c1cd96-1cbe-4e7a-a3dc-15bc7640830a,gruntle.holdings,available,64.99,64.99,medium,low,7,namesilo,,,18/08/2026 22:14
898aa796-5c9c-4ed9-813e-bdeb75796ee6,lingo.holdings,available,64.99,64.99,medium,low,5,namesilo,,,13/09/2026 04:12
c13b07ff-f9cc-4c46-a937-31d69c6360a2,salisbury.holdings,available,64.99,64.99,high,low,9,namesilo,,,24/09/2026 12:37
31f6511d-1b54-432b-baf7-82d8a9480dac,illustration.holdings,available,50.2,50.2,high,low,12,cloudflare,,,30/09/2026 14:22
b4251806-8cfb-41b5-b179-d574acece1d5,boding.holdings,available,64.99,64.99,medium,low,6,namesilo,,,18/08/2026 11:34
bf20f3ff-ba73-4a12-b670-6f35e6645b68,jerusalem.holdings,available,64.99,64.99,medium,low,9,namesilo,,,28/09/2026 09:14
e84d3a1b-7584-49c2-86ea-688d35b0cf65,deflated.holdings,available,64.99,64.99,medium,low,8,namesilo,,,12/08/2026 02:17
7edd6fc9-7791-4234-a53f-51e1ca729696,curvaceous.holdings,available,67.98,81.98,medium,low,10,namecheap,,,10/08/2026 20:30
5b119bd2-782f-41e9-8398-13980bfaab86,fallible.holdings,available,67.98,81.98,medium,low,8,namecheap,,,17/08/2026 21:30
1b4b09bc-6c63-4471-bff0-07cca32d7830,roily.holdings,available,67.98,81.98,medium,low,5,namecheap,,,09/09/2026 18:18
e8d9eb8e-8c21-41c3-9735-353b2839f060,flashily.holdings,available,67.98,81.98,medium,low,8,namecheap,,,14/09/2026 18:54
003a4bf2-d26f-4077-bb48-bb4a6e8affb3,jural.holdings,available,64.99,64.99,high,low,5,namesilo,,,22/08/2026 14:34
b3c22040-3fd4-4af2-9299-eb33fc7c670e,slatey.holdings,available,64.99,64.99,medium,low,6,namesilo,,,10/09/2026 10:21
65104955-55eb-474d-9219-a26cdd95b228,staff.holdings,available,51.95,51.95,high,low,5,spaceship,,,30/09/2026 22:23
89571c5e-cd75-4762-9126-b55d578d603d,material.holdings,available,51.95,51.95,high,low,8,spaceship,,,30/09/2026 23:30
2f782507-b327-46ca-a658-b77467b0ec1c,ecru.holdings,available,64.99,64.99,medium,low,4,namesilo,,,09/08/2026 12:26
b3eeec6a-3747-4574-8e8e-837168de66c9,aloe.holdings,available,67.98,81.98,high,low,4,namecheap,,,18/09/2026 12:59
9131b395-2a67-40d9-a1c4-d67dd965f0e4,manu.holdings,available,50.2,50.2,high,low,4,cloudflare,,,28/09/2026 11:11
b10e2486-7ac4-4fe6-8285-b86e1a920ec3,occupations.holdings,available,64.99,64.99,medium,low,11,namesilo,,,16/09/2026 10:00
5bbee447-27f3-4cd3-a76e-4a72202190af,wives.holdings,available,80.99,,high,low,5,name.com,,,
d00ffc1f-36b2-47cf-b54d-e1ba45df8665,sprayed.holdings,available,52.01,52.01,medium,low,7,porkbun,,,30/09/2026 20:15
d7f68a7a-8ed4-4523-9fea-5f4b2dc22ca6,museums.holdings,available,51.95,51.95,medium,low,7,spaceship,,,29/09/2026 11:30
cebbf51e-f4b8-4e22-abee-872ebc28db53,recessions.holdings,available,67.98,81.98,medium,low,10,namecheap,,,21/09/2026 06:29
b5e4ffe3-9582-4350-b6ab-33d55463c681,binder.holdings,available,64.99,64.99,high,low,6,namesilo,,,23/09/2026 17:10
d1073ed7-0647-4e59-8d54-31500f0fc39e,cacophony.holdings,available,64.99,64.99,medium,low,9,namesilo,,,10/08/2026 13:13
7fd9c80a-b2d1-4b64-a35d-ed526436a950,rightness.holdings,available,80.99,84.99,high,low,9,name.com,,,19/09/2026 22:23
f45908f0-d7e4-4ded-a99a-cca6f8276691,drucker.holdings,available,53.72,53.72,medium,low,7,dynadot,,,02/10/2026 02:35
e8c71c4f-561f-4d86-8138-a52ef76cb607,epileptic.holdings,available,64.99,64.99,high,low,9,namesilo,,,17/08/2026 10:58
60fffd48-09b0-4cce-9047-d6daab348641,ringing.holdings,available,64.99,64.99,high,low,7,namesilo,,,27/09/2026 05:00
93051dbe-6aa7-49af-9e44-bf35823b4007,tarawa.holdings,available,67.98,81.98,medium,low,6,namecheap,,,21/09/2026 19:26
b0b05ca9-c5b0-4c34-8454-2fb04cd8f897,revolting.holdings,available,64.99,64.99,medium,low,9,namesilo,,,14/08/2026 10:45
b2a5ded1-7a77-41be-bc5d-45cc84ac64fa,beading.holdings,available,,,high,low,7,,,,22/09/2026 19:27
bb461826-1c50-4e3c-b525-bacd792e4dd2,bursal.holdings,available,64.99,64.99,medium,low,6,namesilo,,,11/08/2026 11:04
bcfd1262-0787-4a16-a95b-67b5ca1a8070,tufted.holdings,available,64.99,64.99,medium,low,6,namesilo,,,11/08/2026 13:14
4d2f39f4-653a-4c57-a498-b7b5d9f9cd41,basotho.holdings,available,64.99,64.99,medium,low,7,namesilo,,,22/09/2026 11:35
731892d6-fd8b-4481-a6a9-b987c9419023,clearer.holdings,available,64.99,64.99,high,low,7,namesilo,,,30/09/2026 12:01
c41d9a1d-f596-4a50-a926-2ab9da2ba072,watertown.holdings,available,64.99,64.99,medium,low,9,namesilo,,,28/09/2026 06:52
9a848fc9-5b21-44e6-8aa6-90219384b7b4,reunite.holdings,available,64.99,64.99,high,low,7,namesilo,,,01/10/2026 04:25
d3e3c189-1812-427b-888a-8ef8be40edef,mutt.holdings,available,64.99,64.99,high,low,4,namesilo,,,01/10/2026 01:39
68e68d3b-af19-4958-b274-e28932fc91f5,unintended.holdings,available,64.99,64.99,medium,low,10,namesilo,,,12/09/2026 13:30
f7ea10c4-32c7-4970-a632-47754b72e699,sonoran.holdings,available,64.99,64.99,high,low,7,namesilo,,,01/10/2026 23:36
81e3327b-abe4-464c-a686-b0ec7d512a52,ways.holdings,available,64.99,64.99,high,low,4,namesilo,,,30/09/2026 11:08
cb6ae318-5c50-4123-a30f-faa630f62d52,photographers.holdings,available,64.99,64.99,medium,low,13,namesilo,,,19/09/2026 22:58
d8ff0d11-b120-40af-9ea5-ede1e58a6cf7,stream.holdings,available,80.99,84.99,high,medium,6,name.com,,,27/09/2026 05:33
5c70fd83-aebf-4f2f-be3b-af1335636552,vinton.holdings,available,67.98,81.98,medium,low,6,namecheap,,,30/09/2026 21:54
827e5a81-9e16-47e1-9d6d-1fd51ffadc76,styling.holdings,available,67.98,81.98,high,low,7,namecheap,,,17/09/2026 18:14
92daf74f-0ae1-4c71-8d07-6978b3417253,colombo.holdings,available,67.98,81.98,high,low,7,namecheap,,,29/09/2026 07:00
0176d796-438c-428f-bd9b-1f4e5103fdfa,professions.holdings,available,64.99,64.99,high,low,11,namesilo,,,19/09/2026 22:50
f2381246-e724-487a-ae84-302c71e03f16,foley.holdings,available,64.99,64.99,high,low,5,namesilo,,,25/09/2026 21:40
25243b8e-691b-45f1-ac38-3b6e5383e86d,irate.holdings,available,64.99,64.99,medium,low,5,namesilo,,,22/08/2026 09:44
37d877e4-b247-4e61-b149-092a582cdb1d,elise.holdings,available,64.99,64.99,medium,low,5,namesilo,,,28/09/2026 21:52
aecd33e4-71d3-4370-9d12-e4abc5baa8e6,sneaky.holdings,available,67.98,81.98,high,low,6,namecheap,,,18/08/2026 18:58
d40dffb3-cf11-4814-becf-413323a49938,thinker.holdings,available,64.99,64.99,high,low,7,namesilo,,,30/09/2026 01:09
19b0c749-b969-4798-8021-7082fc3687d2,dissimilar.holdings,available,64.99,64.99,medium,low,10,namesilo,,,14/08/2026 12:48
1c1fd326-d964-4ea6-903b-4366c72e0104,brindle.holdings,available,64.99,64.99,medium,low,7,namesilo,,,11/08/2026 04:17
308c1d72-b6cc-4855-bad8-d3a184e6ee52,barbu.holdings,available,64.99,64.99,medium,low,5,namesilo,,,22/09/2026 05:04
8e54bf70-fa25-4790-896b-3050f58048cd,liability.holdings,available,67.98,81.98,high,low,9,namecheap,,,28/09/2026 09:46
5583e68c-7344-4f49-90e6-8eca8721a229,plushy.holdings,available,64.99,64.99,medium,low,6,namesilo,,,24/08/2026 11:02
24db2f2c-2514-4938-9ab8-32fcd3019e64,music.holdings,premium,118.8,118.8,high,medium,5,namesilo,,,28/09/2026 07:33
dfd1dbbd-5569-4ef5-b892-edb1f383d659,humanly.holdings,available,64.99,64.99,high,low,7,namesilo,,,15/09/2026 01:20
b5c6079b-4133-4065-b257-9767e6d65685,enabled.holdings,available,51.95,51.95,high,low,7,spaceship,,,30/09/2026 19:35
e6e4d70b-3a36-4e35-aec1-6ada5bda7626,untanned.holdings,available,67.98,81.98,medium,low,8,namecheap,,,12/09/2026 21:00
3b6cb367-28a3-4092-b52d-a1099dc92415,disjunct.holdings,available,64.99,64.99,medium,low,8,namesilo,,,14/08/2026 11:25
be7d33a9-5ed5-4aa4-8cbf-c22c354d307f,earthly.holdings,available,64.99,64.99,high,low,7,namesilo,,,14/08/2026 22:42
a53d2e02-a025-48c9-a57d-9ba5fabb2f2e,enough.holdings,available,67.98,81.98,high,low,6,namecheap,,,24/09/2026 14:04
aeed2ca2-4e63-4fa1-969a-4467e6884c27,sally.holdings,available,53.72,53.72,high,low,5,dynadot,,,28/09/2026 20:21
60aee8cd-7cab-4179-b4fa-25b9406e6b18,hatteras.holdings,available,51.95,51.95,medium,low,8,spaceship,,,01/10/2026 11:18
73f94102-5784-4c4e-aafe-b7c1727ff810,subsonic.holdings,available,64.99,64.99,medium,low,8,namesilo,,,11/09/2026 00:50
bf6a8c27-0635-44cc-a461-f3bdb0dba53f,typo.holdings,available,64.99,64.99,high,low,4,namesilo,,,24/08/2026 07:23
c022291e-4d4b-4d69-9d62-42fc8d524bac,ship.holdings,available,64.99,64.99,high,medium,4,namesilo,,,30/09/2026 11:08
28844533-b0c4-473d-93a3-e83df9ad7913,patched.holdings,available,64.99,64.99,medium,low,7,namesilo,,,08/09/2026 10:18
aca2d0bc-4a38-4993-9bd5-bdbe28e63a9c,barn.holdings,available,50.2,50.2,high,low,4,cloudflare,,,29/09/2026 01:11
0fe04d71-e093-46c6-8beb-cbbe576d090e,efficiency.holdings,available,64.99,64.99,high,low,10,namesilo,,,30/09/2026 13:30
a551ad06-0f3f-4f9a-a2bf-85a1a7ae2f31,over.holdings,available,64.99,64.99,high,low,4,namesilo,,,22/09/2026 00:56
4eb4a08f-0400-4247-bbe1-033273b7f922,beeper.holdings,available,67.98,81.98,high,low,6,namecheap,,,23/09/2026 01:31
784e3353-023d-41a6-905a-f0ffccbe37ab,arame.holdings,available,64.99,64.99,medium,low,5,namesilo,,,19/09/2026 23:56
0fc986e9-1e69-4216-9d03-6dc9f5e5b322,banishment.holdings,available,64.99,64.99,medium,low,10,namesilo,,,22/09/2026 02:06
bfd4ec7d-df5e-46fb-b971-87dc03ccaa56,swampy.holdings,available,64.99,64.99,medium,low,6,namesilo,,,10/08/2026 17:18
ef1df07a-0483-430a-be31-49bf206ed282,fellow.holdings,available,64.99,64.99,high,low,6,namesilo,,,22/09/2026 21:55
451fd12e-c9f9-4675-b67e-89f8d10c8035,symbol.holdings,available,53.72,53.72,high,low,6,dynadot,,,28/09/2026 09:07
47c5563b-2eb2-41a0-a003-dfb54aeb864b,lula.holdings,available,51.95,51.95,medium,low,4,spaceship,,,30/09/2026 04:54
dac863d1-ac86-42c1-a03e-be1aeced30f6,nfc.holdings,available,64.99,64.99,high,low,3,namesilo,,,29/09/2026 09:52
11164782-836c-40c6-a025-ee642df54d51,willingly.holdings,available,64.99,64.99,medium,low,9,namesilo,,,16/09/2026 11:08
9c2d1ff6-98db-4b60-9523-249af406ef41,wha.holdings,available,51.95,51.95,medium,low,3,spaceship,,,29/09/2026 14:45
312af450-6595-4d65-b07f-715f178552c1,dignified.holdings,available,64.99,64.99,high,low,9,namesilo,,,24/09/2026 08:18
bc6defbe-7915-44c7-b00e-905d48b4b0a5,thrust.holdings,available,64.99,64.99,high,low,6,namesilo,,,25/09/2026 00:11
5d044f6a-c577-4c22-89ac-56bf704c32ba,wreath.holdings,available,64.99,64.99,high,low,6,namesilo,,,30/09/2026 16:41
4a985c98-dae6-476c-ac3e-025940d1a830,alsatian.holdings,available,64.99,64.99,medium,low,8,namesilo,,,
b8c4e3e5-97ee-44d7-936a-871df8db9dd3,measles.holdings,available,51.95,51.95,medium,low,7,spaceship,,,30/09/2026 04:11
222c3caf-bf31-4b9f-a03c-fd65a2d60a74,stained.holdings,available,67.98,81.98,medium,low,7,namecheap,,,10/09/2026 18:14
84e84981-4e86-476e-9f7e-1098bd637492,alexis.holdings,available,64.99,64.99,high,low,6,namesilo,,,19/09/2026 02:23
08d4b5f2-6457-437c-9822-b50cad5ca6fb,drifting.holdings,available,67.98,81.98,high,low,8,namecheap,,,14/08/2026 19:13
fd854491-6902-4be2-9131-343c6e39a274,similitude.holdings,available,64.99,64.99,medium,low,10,namesilo,,,18/09/2026 07:51
466d503c-e924-4c35-b6d9-47b527a2c2b4,gyp.holdings,available,64.99,64.99,medium,low,3,namesilo,,,14/09/2026 08:05
92793442-55b1-4781-b681-e5f8436b00a2,holmium.holdings,available,64.99,64.99,medium,low,7,namesilo,,,20/09/2026 23:31
197e351c-bc6c-41d3-9ac3-0a0810a57f87,leadplant.holdings,available,64.99,64.99,medium,low,9,namesilo,,,18/09/2026 22:45
815fc07f-c583-4831-8add-d48543fb1237,asexual.holdings,available,64.99,64.99,high,low,7,namesilo,,,07/08/2026 01:33
259f5d76-c2ad-46b6-9fda-239e92424e84,respectable.holdings,available,64.99,64.99,high,low,11,namesilo,,,28/09/2026 11:23
c3064b9d-65c3-4b86-a393-5a97ed05e924,immense.holdings,available,64.99,64.99,high,low,7,namesilo,,,25/09/2026 06:12
fba7e8f2-b919-4e92-89bf-be2aedf071bd,hashtag.holdings,available,64.99,64.99,high,low,7,namesilo,,,02/10/2026 03:26
94109ea5-9172-4bc9-bb14-0138077d06c7,profiles.holdings,available,52.01,52.01,high,low,8,porkbun,,,30/09/2026 15:45
35f4ac66-37dc-44bf-be83-64bc790e0c08,binful.holdings,available,67.98,81.98,medium,low,6,namecheap,,,23/09/2026 17:14
49badc05-b7fe-4229-a7f4-953fd08970ba,pete.holdings,available,53.72,53.72,high,low,4,dynadot,,,01/10/2026 19:58
4a642011-c166-40de-aa0d-aaa6c63e5e19,methods.holdings,available,52.01,52.01,medium,low,7,porkbun,,,28/09/2026 04:33
782f15bc-5c02-46dd-916b-8adf278b2180,attlee.holdings,available,64.99,64.99,medium,low,6,namesilo,,,16/09/2026 12:16
6d37a231-15e0-4f38-831e-cab02af3ff33,caution.holdings,available,64.99,64.99,high,low,7,namesilo,,,24/09/2026 12:53
5236d40d-724b-4d04-869c-604545f5a4dd,indium.holdings,available,80.99,84.99,high,low,6,name.com,,,20/09/2026 23:11
807b033b-fd35-4825-834e-55abf27f6af4,cerulean.holdings,available,64.99,64.99,high,low,8,namesilo,,,08/08/2026 03:10
f43aa3f5-b724-47a5-bcfd-242a1e34a850,butter.holdings,available,64.99,64.99,high,low,6,namesilo,,,29/09/2026 05:32
a79924e7-bd80-4146-9acf-06d1119e8c85,overs.holdings,available,67.98,81.98,medium,low,5,namecheap,,,20/09/2026 10:07
41123884-aef7-44ab-9f41-38e609567deb,redeemable.holdings,available,67.98,81.98,high,low,10,namecheap,,,11/08/2026 20:14
2340b08e-0fa9-4073-a274-bf8419feb650,dishonesty.holdings,available,64.99,64.99,medium,low,10,namesilo,,,29/09/2026 15:54
02c15152-3339-4f72-a777-acf44b8feb45,erase.holdings,available,51.95,51.95,high,low,5,spaceship,,,30/09/2026 19:12
04a0655b-e41c-4002-bb26-82d06d2e8448,endermatic.holdings,available,64.99,64.99,medium,low,10,namesilo,,,17/08/2026 00:58
5defaef8-951c-459c-b94c-a122e7dcddf9,straws.holdings,available,64.99,64.99,medium,low,6,namesilo,,,20/09/2026 08:03
8a09771b-426a-40f0-9b50-9ef83f336007,querulous.holdings,available,64.99,64.99,medium,low,9,namesilo,,,09/09/2026 08:33
86ebc4b2-34b8-40fb-b399-3a9768e6793c,genevieve.holdings,available,50.2,50.2,medium,low,9,cloudflare,,,28/09/2026 16:45
01838c3a-410b-4514-b270-54ebd26dacfc,bellyband.holdings,available,64.99,64.99,medium,low,9,namesilo,,,23/09/2026 06:51
095932a7-d916-4c64-a65e-32b79e768f01,maas.holdings,available,64.99,64.99,high,low,4,namesilo,,,29/09/2026 21:54
a5a6a0ee-21fb-4796-a86d-cb65022c501f,starred.holdings,available,64.99,64.99,medium,low,7,namesilo,,,07/08/2026 08:52
c65ce9c4-904c-4dc7-8a23-0322cda64c87,imperious.holdings,available,64.99,64.99,medium,low,9,namesilo,,,21/08/2026 01:26
7c2e946e-db4f-492f-8636-e08c8a9d97de,dual.holdings,available,64.99,64.99,high,low,4,namesilo,,,14/08/2026 16:37
bf414577-3c8a-4cc6-b3dc-e475fd4173fa,constantly.holdings,available,51.95,51.95,medium,low,10,spaceship,,,28/09/2026 14:18
08b59481-f39f-431e-8d37-5d2cd519b2ee,resonant.holdings,available,64.99,64.99,high,low,8,namesilo,,,17/08/2026 15:19
beb792a1-7728-4f37-8728-b249da477ea1,financially.holdings,available,64.99,64.99,high,low,11,namesilo,,,28/09/2026 12:33
e726e6d1-e54d-4dad-8089-ac54ec4c452f,ideal.holdings,available,80.99,84.99,high,low,5,name.com,,,25/09/2026 07:17
f7762d4b-4e17-4f52-8e05-a6eb8bede44b,appetizing.holdings,available,64.99,64.99,high,low,10,namesilo,,,06/08/2026 06:45
0ebffd57-bc18-4d1a-952f-c072a14d73e9,hid.holdings,available,64.99,64.99,medium,low,3,namesilo,,,26/09/2026 03:17
ac674ce6-1352-4edd-bcc5-a5855a317e6d,greenside.holdings,available,64.99,64.99,medium,low,9,namesilo,,,20/08/2026 19:54
970d1745-0aca-4354-b841-4ef60d2d07d9,nooky.holdings,available,64.99,64.99,medium,low,5,namesilo,,,18/08/2026 17:29
306d5f50-ee8c-40d2-8252-22432107f21f,always.holdings,available,67.98,81.98,high,medium,6,namecheap,,,28/09/2026 12:09
c8b8f749-90ca-4d33-ae82-a3ed6ac58fbd,harmful.holdings,available,64.99,64.99,medium,low,7,namesilo,,,08/09/2026 09:32
45d4c031-e1a2-4965-8d4e-70f4de65cc5d,coat.holdings,available,51.95,51.95,high,low,4,spaceship,,,29/09/2026 05:46
019b24b1-75f9-41b5-9a91-a92539db06c6,resign.holdings,available,64.99,64.99,medium,low,6,namesilo,,,30/09/2026 06:20
7d98ef27-5c1f-490c-92db-47224737fdb7,cornell.holdings,available,64.99,64.99,medium,low,7,namesilo,,,29/09/2026 00:29
50fc6948-a2d3-4868-bcd4-dad5e568c4c1,hourlong.holdings,available,64.99,64.99,medium,low,8,namesilo,,,21/08/2026 14:22
d292eac7-1be8-441a-9cea-3cbab33347ce,sabotage.holdings,available,64.99,64.99,medium,low,8,namesilo,,,28/09/2026 13:47
17fe6ca4-d443-44ff-beb5-b43b67ab781b,smashed.holdings,available,64.99,64.99,medium,low,7,namesilo,,,09/08/2026 15:50
18974f00-4a61-416c-9fa9-fa417cd1e9d6,hubei.holdings,available,64.99,64.99,medium,low,5,namesilo,,,30/09/2026 13:23
a9dbde00-e508-4389-bd1b-1ef764c84bac,adrien.holdings,available,64.99,64.99,medium,low,6,namesilo,,,02/10/2026 03:15
d5eb026b-91fa-4acd-82e7-b90456a50500,tito.holdings,available,64.99,64.99,high,low,4,namesilo,,,25/09/2026 23:21
828eb9dd-a3ed-48ed-b4a8-6c7457e3405b,obsessed.holdings,available,64.99,64.99,medium,low,8,namesilo,,,21/08/2026 01:32
9e77a23b-92a3-470f-9791-0b95c822d9bb,ornate.holdings,available,67.98,81.98,high,low,6,namecheap,,,04/09/2026 17:59
6599c55b-ae61-48ec-a29e-2ced29cb5442,condolences.holdings,available,67.98,81.98,medium,low,11,namecheap,,,01/10/2026 09:43
5dff9486-7822-4f04-9312-4c1dab9de9ec,urging.holdings,available,64.99,64.99,medium,low,6,namesilo,,,29/09/2026 07:05
b0096b7d-efe3-4976-9216-5ffbfd119aa5,assaults.holdings,available,64.99,64.99,low,low,8,namesilo,,,30/09/2026 16:01
06e08c44-ffac-4d41-80ad-469c19bc4d40,sociological.holdings,available,64.99,64.99,high,low,12,namesilo,,,02/10/2026 01:58
fa4b98f4-48d6-49c0-85f1-da88aff06fc8,nuns.holdings,available,51.95,51.95,medium,low,4,spaceship,,,28/09/2026 12:28
5572d053-abc2-4c54-9901-74103b5edc92,lymphatic.holdings,available,64.99,64.99,medium,low,9,namesilo,,,24/08/2026 12:33
9a6672f7-d6a5-4deb-85ae-46c751b0e8eb,behrens.holdings,available,67.98,81.98,high,low,7,namecheap,,,23/09/2026 03:56
fe9d5ce5-c98a-4a03-8215-ef1f82cf2c86,bernstein.holdings,available,64.99,64.99,high,low,9,namesilo,,,23/09/2026 10:01
870a0eef-83b5-4714-817e-c5eb5e98057c,programming.holdings,available,64.99,64.99,high,low,11,namesilo,,,28/09/2026 12:38
fb08f239-90b7-4400-9243-9a9dc6b4ccf9,hurting.holdings,available,51.95,51.95,medium,low,7,spaceship,,,27/09/2026 14:14
42cbf4a3-424e-4132-b902-e3180e26da1f,mousey.holdings,available,64.99,64.99,medium,low,6,namesilo,,,25/08/2026 08:44
4a130eb8-7eb2-47c3-b946-37b91ebb258f,birthday.holdings,available,50.2,50.2,high,low,8,cloudflare,,,29/09/2026 02:53
50020355-b6be-4be0-9b66-813a527d4393,abrachia.holdings,available,64.99,64.99,medium,low,8,namesilo,,,16/09/2026 16:47
d57a8eae-dfb1-480a-8496-5a80d827234b,sprayer.holdings,available,67.98,81.98,high,low,7,namecheap,,,21/09/2026 00:21
aad4960b-f1f5-4f2f-863f-a62ed68822bf,femur.holdings,available,51.95,51.95,high,low,5,spaceship,,,01/10/2026 19:33
7d64b45a-b9cf-4cbd-ae83-356781ff5b4e,edmund.holdings,available,67.98,81.98,medium,low,6,namecheap,,,25/09/2026 19:09
04e165aa-eb70-49b8-a7cc-e49a374ff169,bifocals.holdings,available,64.99,64.99,high,low,8,namesilo,,,23/09/2026 13:53
4a06b273-2822-4e62-9b05-59e9570be5ef,abstracted.holdings,available,64.99,64.99,medium,low,10,namesilo,,,
e212b43c-74c3-483c-8f5c-0899307ab4d5,lesson.holdings,available,64.99,64.99,high,low,6,namesilo,,,25/09/2026 21:42
9968c2be-3b1f-4705-96e0-974ad4ef1f0e,sip.holdings,available,67.98,81.98,high,low,3,namecheap,,,30/09/2026 11:16
a0112d8c-9dce-484a-9554-ff49d3cd2ca9,blender.holdings,available,64.99,64.99,high,low,7,namesilo,,,24/09/2026 05:44
ae6e2c7e-b575-476e-ad58-ed14c40167ee,blossoming.holdings,available,64.99,64.99,high,low,10,namesilo,,,18/08/2026 09:04
dc54abbe-27d0-4d91-827a-6ce2181136f4,blistering.holdings,available,64.99,64.99,medium,low,10,namesilo,,,
fecccd65-b0a1-4601-b9c6-1a82896da147,scythian.holdings,available,64.99,64.99,medium,low,8,namesilo,,,10/09/2026 00:28
4939ea17-8d2e-46ac-8477-f09b64c9a266,biochemist.holdings,available,64.99,64.99,high,low,10,namesilo,,,23/09/2026 17:44
bb58a678-62b9-40d1-ac28-dd3f4bc5210c,songbird.holdings,available,64.99,64.99,high,low,8,namesilo,,,30/09/2026 11:31
e34eecdf-3db7-4ad3-9f12-3c647c49ae38,languid.holdings,available,67.98,81.98,medium,low,7,namecheap,,,22/08/2026 18:03
5fe8f763-da83-44c3-ba3a-671e892c92c5,foliate.holdings,available,64.99,64.99,high,low,7,namesilo,,,18/08/2026 10:15
591c4c0b-8847-49ad-a290-d8af71a1efa8,admire.holdings,available,64.99,64.99,high,low,6,namesilo,,,28/09/2026 03:18
03922b38-586e-4b28-b062-824ac9cabc31,supposedly.holdings,available,64.99,64.99,medium,low,10,namesilo,,,28/09/2026 16:34
ff880467-a6bd-4c6a-9ad5-6cb94b858bee,innovator.holdings,available,53.72,53.72,high,low,9,dynadot,,,28/09/2026 02:49
c9ab5949-25f7-4d18-8ec5-911e3cbc461e,upriver.holdings,available,64.99,64.99,medium,low,7,namesilo,,,12/09/2026 23:26
e978ce59-4111-4029-907c-ea0ad5758ce3,readers.holdings,available,53.72,53.72,medium,low,7,dynadot,,,28/09/2026 17:52
a79c61ac-4ab5-482c-8c3c-7ea0cbae9390,little.holdings,available,64.99,64.99,high,low,6,namesilo,,,24/09/2026 17:48
19cfbd93-3009-4e77-a6ac-c3edb7f410e3,flush.holdings,available,64.99,64.99,high,low,5,namesilo,,,
3139fd46-387f-47d1-967d-066e29cd6d40,lowly.holdings,available,64.99,64.99,medium,low,5,namesilo,,,08/08/2026 21:38
521fec17-d7c9-44c1-91de-4a744ef8fa4a,crusted.holdings,available,64.99,64.99,medium,low,7,namesilo,,,13/08/2026 09:22
2f37f416-b794-4b09-89bf-24d2a3967ed5,honorific.holdings,available,64.99,64.99,high,low,9,namesilo,,,21/08/2026 13:32
6ca30fd8-6ec3-4ed2-88db-b8d8a54f34e6,awning.holdings,available,64.99,64.99,high,low,6,namesilo,,,21/09/2026 10:12
5c4fe598-62dd-4263-9438-632e700ede17,astarte.holdings,available,67.98,81.98,medium,low,7,namecheap,,,20/09/2026 14:01
89ab6744-8842-46b7-95bb-60c7cc5de9ed,archbishop.holdings,available,80.99,84.99,medium,low,10,name.com,,,20/09/2026 01:46
719f9dbd-61dd-4382-8108-619ab9ad538a,figure.holdings,available,67.98,81.98,high,low,6,namecheap,,,24/09/2026 16:50
c9015f4a-cec3-41c3-aaa3-0e4bcfbd2c87,rajiv.holdings,available,64.99,64.99,medium,low,5,namesilo,,,01/10/2026 23:58
00ce1549-fde7-4f16-a733-ec5101af68dc,shipyard.holdings,available,64.99,64.99,high,low,8,namesilo,,,30/09/2026 02:50
35a78f4a-1591-4f4b-b34c-e5db660b9d58,possessed.holdings,available,64.99,64.99,medium,low,9,namesilo,,,28/09/2026 03:28
fa200bab-e9b2-43c4-84a9-4f6f95919d0e,mccook.holdings,available,50.2,50.2,medium,low,6,cloudflare,,,02/10/2026 01:05
f21aebf8-8595-46f8-aec0-b5b3e00f57f2,defendable.holdings,available,64.99,64.99,high,low,10,namesilo,,,13/08/2026 23:09
5539da3b-dd0e-4dc0-a157-7d48a64997ee,frequencies.holdings,available,64.99,64.99,medium,low,11,namesilo,,,29/09/2026 10:28
ab36ccbe-de12-4a06-b989-fe7866936832,transitory.holdings,available,64.99,64.99,medium,low,10,namesilo,,,17/08/2026 10:19
05413dca-0c85-4da4-b29f-a3ca7858e9f9,hostelry.holdings,available,64.99,64.99,medium,low,8,namesilo,,,21/09/2026 02:26
97e1629f-cb74-4d38-9a75-bc0dd4ba789c,warburg.holdings,available,64.99,64.99,medium,low,7,namesilo,,,16/09/2026 19:40
4b2ece43-8588-4dc6-a5fa-0e1427b0fe79,politicians.holdings,available,67.98,81.98,medium,low,11,namecheap,,,19/09/2026 23:03
5322d7c8-47a8-49c3-8bb3-3eabd798acf9,perplex.holdings,available,67.98,81.98,high,low,7,namecheap,,,21/09/2026 17:26
f89c892e-9d6f-440e-a074-02d1c0ee9aad,utilised.holdings,available,64.99,64.99,medium,low,8,namesilo,,,13/09/2026 00:07
6fbdf608-1990-492e-8e74-19ca43b9673c,poems.holdings,available,64.99,64.99,medium,low,5,namesilo,,,18/09/2026 16:34
84ef4649-2d4d-46ce-9a14-a8d79d3ed0c7,profitable.holdings,available,64.99,64.99,high,low,10,namesilo,,,27/09/2026 07:05
eee61e5b-0ecb-4e2d-bbd7-057cf289551c,barwood.holdings,available,64.99,64.99,medium,low,8,namesilo,,,
dceced51-3e77-4144-a7e6-7442724a18a1,dextral.holdings,available,64.99,64.99,medium,low,7,namesilo,,,14/08/2026 05:28
879c3e43-d155-4003-8b6a-8e4c39c73132,douglass.holdings,available,64.99,64.99,high,low,8,namesilo,,,25/09/2026 22:23
15586063-8bac-4781-a45a-d298df8442df,elmhurst.holdings,available,64.99,64.99,medium,low,8,namesilo,,,02/10/2026 01:13
d9a4d999-60b8-4802-af2f-d7ccdcc4cb40,carol.holdings,available,67.98,81.98,high,low,5,namecheap,,,24/09/2026 13:02
6c3f325b-c092-436a-b333-f7ff48e6fe43,asymptotic.holdings,available,64.99,64.99,medium,low,10,namesilo,,,07/08/2026 10:30
778d39fe-e2ab-4cff-ad8f-5b1da015a6e2,hangzhou.holdings,available,67.98,81.98,high,low,8,namecheap,,,30/09/2026 17:32
45d27fe1-2d6e-49bd-aff9-2dc110482a77,belorussia.holdings,available,64.99,64.99,medium,low,10,namesilo,,,23/09/2026 04:27
c7df4d52-4a3a-451e-bb32-2bb2426bf8a1,pencilled.holdings,available,64.99,64.99,medium,low,9,namesilo,,,08/09/2026 13:59
8284a10b-c583-4dcd-a71e-fe4c5104fd72,moynihan.holdings,available,51.95,51.95,medium,low,8,spaceship,,,29/09/2026 18:33
4f6dcaae-46c2-4cb3-865b-b5ebf778041e,burton.holdings,available,51.95,51.95,high,low,6,spaceship,,,28/09/2026 18:31
887e84cf-9846-4cb4-8cd1-225a028a3d86,toxins.holdings,available,64.99,64.99,low,low,6,namesilo,,,30/09/2026 22:52
9a91b2d7-a34e-4750-b084-17d654addcb3,robbing.holdings,available,51.95,51.95,medium,low,7,spaceship,,,28/09/2026 23:49
4cbe28c0-2d16-4f1e-8378-46d31cd47b42,eccles.holdings,available,64.99,64.99,medium,low,6,namesilo,,,29/09/2026 06:42
4dec3721-cd7d-4346-8842-4902aeea4614,rollicking.holdings,available,67.98,81.98,medium,low,10,namecheap,,,12/08/2026 18:08
d5c7ffaa-fd0a-41df-affb-8aea797904b2,analytic.holdings,available,64.99,64.99,high,low,8,namesilo,,,
ce0ff645-a3f7-42f9-8a46-e34125691d84,toughened.holdings,available,64.99,64.99,high,low,9,namesilo,,,11/09/2026 10:54
d31d1298-3b25-486e-85b6-f0cafe995a5d,baroness.holdings,available,64.99,64.99,high,low,8,namesilo,,,22/09/2026 07:21
baeb464f-ad64-485b-840b-cd08d69453b6,documents.holdings,available,64.99,64.99,high,low,9,namesilo,,,
4b2fa4df-eaba-4dbd-820d-35f43ddb0fad,script.holdings,available,64.99,64.99,high,low,6,namesilo,,,08/09/2026 13:57
3542ecfa-1284-46d6-8076-4e61d23b3d36,gather.holdings,available,67.98,81.98,high,medium,6,namecheap,,,23/09/2026 20:27
7565ea89-ed9c-4e07-96b7-fa54ce28da7f,sustaining.holdings,available,64.99,64.99,high,low,10,namesilo,,,01/10/2026 23:00
5cc71e67-8cdf-4217-be30-28cb7f2a05e8,posterior.holdings,available,64.99,64.99,medium,low,9,namesilo,,,09/08/2026 11:12
60e11a86-8085-4cd6-984d-51f3e6a52fc3,concepts.holdings,available,64.99,64.99,medium,low,8,namesilo,,,29/09/2026 22:50
b58142d9-8d38-40fa-91cf-73238d85b877,shaken.holdings,available,64.99,64.99,high,low,6,namesilo,,,10/09/2026 05:44
08c49faf-58fe-405e-8a5f-60abc90f4600,rtc.holdings,available,67.98,81.98,high,low,3,namecheap,,,30/09/2026 12:40
5e6620bc-d261-4005-9f03-62969e160465,review.holdings,available,50.2,50.2,high,medium,6,cloudflare,,,29/09/2026 04:52
898b0fa4-e04e-4d6b-93fa-e798e68f7e57,unfocused.holdings,available,64.99,64.99,medium,low,9,namesilo,,,12/09/2026 10:32
3583207e-31ab-4615-a989-21c369b0d690,clayton.holdings,available,64.99,64.99,medium,low,7,namesilo,,,25/09/2026 21:46
87cb1e3a-ec62-4903-a5ce-dfa625f91ef7,delete.holdings,available,51.95,51.95,high,low,6,spaceship,,,29/09/2026 14:11
c244e41d-419e-4d55-86a1-079f69e68ce6,spirally.holdings,available,64.99,64.99,medium,low,8,namesilo,,,16/09/2026 06:13
4f548e1c-8bf0-41c8-b049-7b0d26a99ed7,ionia.holdings,available,51.95,51.95,medium,low,5,spaceship,,,01/10/2026 20:04
2796d182-d4d8-4dcc-9675-1127277788d3,romances.holdings,available,64.99,64.99,medium,low,8,namesilo,,,02/10/2026 03:39
5c3f4ea2-52a5-451e-a077-8bb253da3f5b,worshipful.holdings,available,64.99,64.99,high,low,10,namesilo,,,
a2ae71a6-9baa-4efa-b904-5f4eafd6e72c,derelict.holdings,available,64.99,64.99,medium,low,8,namesilo,,,21/09/2026 13:39
bbca1e58-d4a1-4867-b056-be999bfa17de,indictment.holdings,available,64.99,64.99,high,low,10,namesilo,,,23/09/2026 16:05
d04cc360-bf64-412b-b2a3-2c0825969cae,psychologists.holdings,available,51.95,51.95,medium,low,13,spaceship,,,01/10/2026 18:37
a1af8dcf-39f6-4e08-b641-b8f5841b8f38,wardrobe.holdings,available,64.99,64.99,high,low,8,namesilo,,,28/09/2026 06:52
5db4a3a6-0f67-4b64-a2c2-ef17a4e28e2f,lon.holdings,available,51.95,51.95,medium,low,3,spaceship,,,28/09/2026 11:31
2caf7873-0df2-45d8-86f5-c89bb45ae4b1,reverently.holdings,available,64.99,64.99,medium,low,10,namesilo,,,15/09/2026 23:35
e9f5873f-aca3-4270-aff3-e58d6337f527,unchained.holdings,available,64.99,64.99,high,low,9,namesilo,,,12/09/2026 04:54
33677e6e-141f-4661-9a7b-5389a1888f98,cannons.holdings,available,51.95,51.95,medium,low,7,spaceship,,,30/09/2026 16:08
47dfabcb-87ef-40f0-8d39-f2b0900b1e6c,clever.holdings,available,64.99,64.99,high,medium,6,namesilo,,,23/09/2026 12:20
81f0c585-bb9c-478a-b486-c05db606e21a,cap.holdings,available,50.2,50.2,high,low,3,cloudflare,,,29/09/2026 06:43
8ea402cc-063a-4f71-8f96-340bf38ff8cc,detergent.holdings,available,64.99,64.99,high,low,9,namesilo,,,24/09/2026 07:32
d402adb2-0301-4597-913b-4d63bc36a34c,excused.holdings,available,64.99,64.99,medium,low,7,namesilo,,,17/08/2026 16:44
fe074d4f-3449-4cb1-8d03-7e0511cbb6ca,montclair.holdings,available,51.95,51.95,medium,low,9,spaceship,,,29/09/2026 04:37
7442591f-cabd-43b2-b6da-be32b9e72b38,abel.holdings,available,67.98,81.98,high,low,4,namecheap,,,16/09/2026 14:57
ab2594ba-a1c0-4952-917e-fb073e50f838,batik.holdings,available,64.99,64.99,high,low,5,namesilo,,,22/09/2026 14:02
3775b9e8-9c0b-415a-9d26-8defb3d10f7c,bilberry.holdings,available,64.99,64.99,medium,low,8,namesilo,,,23/09/2026 15:37
9af87a28-a7e8-415e-9176-5c6b9064abb5,adore.holdings,available,52.01,52.01,high,low,5,porkbun,,,29/09/2026 08:22
1d77be1f-e3f0-4fb7-af75-97749d0e3962,liam.holdings,available,64.99,64.99,high,low,4,namesilo,,,
a0909a28-5ce7-4053-95e0-9786abe01000,composed.holdings,available,67.98,81.98,high,low,8,namecheap,,,23/09/2026 17:50
9f0e84b6-05c2-4986-8d9c-901effe77b41,artistic.holdings,available,52.01,52.01,high,low,8,porkbun,,,29/09/2026 09:12
65b1e343-4f53-4e96-bbf2-7eadb1dfd123,anuran.holdings,available,64.99,64.99,medium,low,6,namesilo,,,05/08/2026 20:48
0b463655-9f8d-4a37-81bb-96e40eb01a4c,refrigerator.holdings,available,111.99,111.99,high,low,12,godaddy,,,01/10/2026 01:17
8775e70b-bbcb-4876-852a-2c3b65b1fc12,ciliate.holdings,available,64.99,64.99,medium,low,7,namesilo,,,12/08/2026 08:06
7628670e-a39b-4d7a-8452-7ea87dbf801b,miley.holdings,available,51.95,51.95,medium,low,5,spaceship,,,01/10/2026 10:18
56e57082-a3e9-4c46-bf66-5969f8d74284,osman.holdings,available,67.98,81.98,high,low,5,namecheap,,,28/09/2026 22:06
27dad7f1-733b-4ba8-a854-fa8d4144d2a6,nude.holdings,available,64.99,64.99,high,low,4,namesilo,,,07/08/2026 16:15
4fcbc8bd-e2bd-4c90-a744-585a0575fbea,knobbly.holdings,available,64.99,64.99,medium,low,7,namesilo,,,22/08/2026 16:31
b03209e1-4fa4-4e4e-87c5-e7a22cabebc4,balsam.holdings,available,67.98,81.98,high,low,6,namecheap,,,22/09/2026 00:04
78aeab4f-8b21-437c-a0b7-a20a4853d020,mucky.holdings,available,64.99,64.99,medium,low,5,namesilo,,,10/08/2026 17:06
80fc3728-1be4-4cef-9586-c4b2d54ead11,hamper.holdings,available,51.95,51.95,high,low,6,spaceship,,,02/10/2026 05:09
f08cc6c2-e7bd-47f5-af31-6baadb19fccc,billow.holdings,available,64.99,64.99,medium,low,6,namesilo,,,23/09/2026 16:34
574cd8cc-3d09-4dfd-9b07-436a8edb5422,tessa.holdings,available,67.98,81.98,high,low,5,namecheap,,,30/09/2026 04:17
829299c9-236d-4d90-862e-0f474a6be9f1,mckay.holdings,available,64.99,64.99,high,low,5,namesilo,,,25/09/2026 16:25
883883b5-5e66-47da-8180-8e62923ac551,mena.holdings,available,64.99,64.99,high,low,4,namesilo,,,29/09/2026 22:04
fdc5c926-5af5-40e7-b547-1be4de740f91,nepali.holdings,available,64.99,64.99,high,low,6,namesilo,,,03/09/2026 15:37
f4e2dd3a-5102-4ac2-811d-abc04920ec71,navarro.holdings,available,64.99,64.99,medium,low,7,namesilo,,,28/09/2026 08:00
ef76059e-5536-4dd0-a9e9-e1c84023764e,greenwing.holdings,available,64.99,64.99,medium,low,9,namesilo,,,19/09/2026 02:56
acbcb211-3141-4112-afb4-30fcbedf8cca,savagery.holdings,available,64.99,64.99,medium,low,8,namesilo,,,22/09/2026 04:29
0cfff0b9-1dcf-4b1a-b452-9664c6f44495,bollywood.holdings,available,51.95,51.95,high,low,9,spaceship,,,30/09/2026 08:37
8b556d2d-5a34-4f8d-91c4-205f0cdbfd34,shopworn.holdings,available,64.99,64.99,medium,low,8,namesilo,,,08/08/2026 11:06
ed35b665-3fa4-401b-bcbb-32bc3db6c80d,patio.holdings,available,53.72,53.72,high,low,5,dynadot,,,29/09/2026 13:40
4f0ff2f7-1b61-47fc-bd17-eae18636a4d2,sucks.holdings,available,64.99,64.99,medium,low,5,namesilo,,,18/09/2026 11:29
dfb9154f-8606-4d98-aa6d-4736357746d1,barrels.holdings,available,64.99,64.99,high,low,7,namesilo,,,22/09/2026 08:23
c225c99a-723c-4ace-a954-18d8206d6b94,urinate.holdings,available,64.99,64.99,medium,low,7,namesilo,,,13/09/2026 09:41
0e6ebe1b-69c0-4c69-a984-e9d83861afbb,courteous.holdings,available,67.98,81.98,high,low,9,namecheap,,,24/09/2026 00:40
14dfcfe8-114a-4ced-95ca-d52b2b4144ee,keenan.holdings,available,53.72,53.72,high,low,6,dynadot,,,28/09/2026 22:23
30d04d3f-a3ce-45c8-a57d-031528e1f384,holley.holdings,available,51.95,51.95,medium,low,6,spaceship,,,30/09/2026 05:26
5b211629-5ea7-4fff-b39e-cd7af04763f8,cassandra.holdings,available,50.2,50.2,high,low,9,cloudflare,,,30/09/2026 08:59
06f71d8b-070b-41b3-be20-66265e27d5bd,ebullient.holdings,available,64.99,64.99,high,low,9,namesilo,,,14/08/2026 23:20
6adf580e-67ea-4cae-96f9-27f10b5caf2b,fidel.holdings,available,52.01,52.01,medium,low,5,porkbun,,,02/10/2026 00:37
4638e812-a63b-41a1-bf09-7f3b735bbebf,scrub.holdings,available,53.72,53.72,high,low,5,dynadot,,,27/09/2026 18:50
cce25d0a-289a-422e-954c-04df62a7f93b,grubby.holdings,available,64.99,64.99,medium,low,6,namesilo,,,09/08/2026 09:31
f69f69a6-4f75-4cdf-84d9-f39d84f108d5,perm.holdings,available,64.99,64.99,high,low,4,namesilo,,,08/09/2026 17:34
2f9a873d-1ea9-4458-be7c-2b220e75f8e0,toiling.holdings,available,67.98,81.98,medium,low,7,namecheap,,,14/08/2026 20:00
2bf36314-1683-4135-8a1d-c86159d3c6fe,fab.holdings,available,67.98,81.98,high,low,3,namecheap,,,17/08/2026 20:08
cb67eda6-05cf-4d37-b0c2-66157b6f71ca,levin.holdings,available,52.01,52.01,high,low,5,porkbun,,,01/10/2026 15:17
a2e31bb2-7353-479d-97d2-54799db31d52,freudian.holdings,available,64.99,64.99,medium,low,8,namesilo,,,18/08/2026 15:26
1c697bf1-6e16-48de-a199-108490bb7f3a,arises.holdings,available,51.95,51.95,low,low,6,spaceship,,,30/09/2026 07:05
30ab32f9-ce49-43a1-a360-000fbc15d911,bigotry.holdings,available,64.99,64.99,medium,low,7,namesilo,,,23/09/2026 15:23
0357fb0d-f4fd-4482-960b-0a79fa27bfaf,apogamy.holdings,available,67.98,81.98,medium,low,7,namecheap,,,19/09/2026 18:27
956a3349-a09a-4ccf-b0b3-8aec64e5a9a6,brooklyn.holdings,available,64.99,64.99,high,low,8,namesilo,,,24/09/2026 10:45
68e87406-70cc-4063-8692-6415aba71e16,dea.holdings,available,51.95,51.95,high,low,3,spaceship,,,30/09/2026 01:16
287a6903-e145-4ed0-a706-0e47451600ec,financial.holdings,premium,512,512,high,low,9,namesilo,,,01/10/2026 03:02
4a1628e8-e502-408e-b9e2-3ec46ed74eb5,banff.holdings,available,67.98,81.98,medium,low,5,namecheap,,,22/09/2026 01:44
6ea4ccc7-de3e-4ce0-8c27-6a4240cd10aa,vampires.holdings,available,50.2,50.2,medium,low,8,cloudflare,,,28/09/2026 13:22
e825ceca-7be7-4c5a-8f6b-c8f08002f434,respondent.holdings,available,64.99,64.99,high,low,10,namesilo,,,22/09/2026 05:39
d8eb1088-deea-4d21-9382-3b99bac249c7,brac.holdings,available,51.95,51.95,medium,low,4,spaceship,,,01/10/2026 23:52
7a00006d-837e-492f-b1f3-5aa799171440,indebted.holdings,available,64.99,64.99,medium,low,8,namesilo,,,01/10/2026 22:45
d9bc2c65-ce9e-444d-a71f-eeb47726821a,following.holdings,available,64.99,64.99,high,low,9,namesilo,,,18/08/2026 10:22
6f3ecd36-c82b-4ef5-8b0e-7c3eaefab080,monied.holdings,available,64.99,64.99,high,low,6,namesilo,,,25/08/2026 04:39
3a9416b2-1a95-4480-99e7-99633dae76e3,embarrass.holdings,available,50.2,50.2,medium,low,9,cloudflare,,,29/09/2026 11:42
c8c904d4-6ee9-4294-9544-8a39ec7d52be,wilkinson.holdings,available,64.99,64.99,high,low,9,namesilo,,,25/09/2026 10:42
8f175d53-33c0-490e-b415-6a256e7cfc96,discussions.holdings,available,64.99,64.99,medium,low,11,namesilo,,,29/09/2026 16:36
3ad2e23c-f5b9-4805-904a-65056526a1ee,roaring.holdings,available,67.98,81.98,high,low,7,namecheap,,,10/08/2026 19:21
c3867e0c-f2ea-45e0-b2fd-a404c7e524c4,uprightly.holdings,available,64.99,64.99,medium,low,9,namesilo,,,15/09/2026 01:06
704ed3ad-fb51-40a2-97f8-ed52f165f86f,axiology.holdings,available,64.99,64.99,medium,low,8,namesilo,,,21/09/2026 10:24
1e143a1f-8c70-454e-9742-161464248e8b,flare.holdings,available,64.99,64.99,high,low,5,namesilo,,,29/09/2026 00:57
bf00ffd9-c91d-4b92-b36d-339354dee642,dai.holdings,available,64.99,64.99,high,low,3,namesilo,,,26/09/2026 00:53
27727866-a2cb-4a39-a03b-ba52952e1429,sparta.holdings,available,50.2,50.2,high,low,6,cloudflare,,,29/09/2026 08:05
fd09bb85-86ed-48da-90cd-752814548b63,beep.holdings,available,64.99,64.99,high,low,4,namesilo,,,23/09/2026 01:26
5766a620-1d39-47f7-8743-79e2fd1b781e,direction.holdings,available,52.01,52.01,high,low,9,porkbun,,,29/09/2026 07:46
96231298-8b04-4085-8770-15493f624deb,sabbatical.holdings,available,67.98,81.98,high,low,10,namecheap,,,09/09/2026 20:30
365ba46d-45c3-4abd-84c8-00e4abd57a6b,alienor.holdings,available,64.99,64.99,medium,low,7,namesilo,,,18/09/2026 07:41
a7f5fb8d-38d0-4cce-99e4-e6e67c95aaa5,asahikawa.holdings,available,64.99,64.99,medium,low,9,namesilo,,,20/09/2026 12:44
f78b5b8a-6a44-4776-a7b7-d1a35254b994,documented.holdings,available,64.99,64.99,high,low,10,namesilo,,,22/09/2026 11:37
eb488c13-97c1-4f2a-9137-265d63528df4,huston.holdings,available,50.2,50.2,medium,low,6,cloudflare,,,28/09/2026 14:28
119a8576-18e2-4a06-961b-0ab550e56e83,provide.holdings,available,51.95,51.95,high,low,7,spaceship,,,30/09/2026 07:04
db0b23ec-b98c-4f2f-b290-f73c86dbb01e,sid.holdings,available,64.99,64.99,high,low,3,namesilo,,,25/09/2026 12:52
e41126fc-7ece-4acd-af9d-39d7f7b7820a,naming.holdings,available,51.95,51.95,high,low,6,spaceship,,,28/09/2026 08:38
a77c166b-8de5-47b7-bbc6-68bef35479b2,dendroid.holdings,available,64.99,64.99,medium,low,8,namesilo,,,06/08/2026 13:50
f3904c23-db9b-45d5-9bac-260e1e085a0a,albula.holdings,available,67.98,81.98,medium,low,6,namecheap,,,18/09/2026 03:24
3a22f583-268e-4d8b-8187-8e7e847f3def,acumen.holdings,available,64.99,64.99,high,low,6,namesilo,,,17/09/2026 05:39
b86b70a4-dcc2-4f9c-a9d3-d6311d746d85,csm.holdings,available,67.98,81.98,high,low,3,namecheap,,,30/09/2026 20:24
865c40ab-2fe2-405c-a357-dba0648fd884,peppermint.holdings,resell,,,high,low,10,,,,01/10/2026 01:57
a168fd2d-454a-44c2-b1c2-eb804570a828,fucked.holdings,available,53.72,53.72,medium,low,6,dynadot,,,29/09/2026 21:06
0c9c894a-4efe-4d3d-bba2-3372f53f4976,astragalus.holdings,available,64.99,64.99,medium,low,10,namesilo,,,19/09/2026 09:45
77e82bd3-de86-474d-8104-fe6201ba5a29,patriots.holdings,available,50.2,50.2,high,low,8,cloudflare,,,29/09/2026 17:47
12eeb9c0-3d92-4c36-9003-06190032bed9,synchronic.holdings,available,64.99,64.99,medium,low,10,namesilo,,,11/09/2026 06:15
5261e41d-ab09-4824-9edc-2a00d81989aa,different.holdings,available,64.99,64.99,high,low,9,namesilo,,,24/09/2026 08:12
5c73e839-ebec-4144-a86b-14101a9a4e57,bicyclic.holdings,available,64.99,64.99,high,low,8,namesilo,,,09/08/2026 19:48
24bf9617-e79e-4852-b493-d36e25cbdbfb,fascist.holdings,available,64.99,64.99,medium,low,7,namesilo,,,17/08/2026 22:58
9ea369c2-d298-4423-a5d1-d38a194bbe6f,brewer.holdings,available,67.98,81.98,high,low,6,namecheap,,,23/09/2026 01:41
cf2cc9ba-cf75-41e0-997a-1cc304a84f39,butcher.holdings,available,51.95,51.95,medium,low,7,spaceship,,,29/09/2026 03:05
e852933b-d8ca-4835-a997-9c442b24295a,austenite.holdings,available,64.99,64.99,medium,low,9,namesilo,,,21/09/2026 04:39
b38b9be0-d6bf-46e8-a13e-fbedbba46b9c,drawn.holdings,available,64.99,64.99,high,low,5,namesilo,,,23/09/2026 12:57
0a00ac71-89a6-423f-8dbb-5e4f4a9a0215,arcuate.holdings,available,64.99,64.99,medium,low,7,namesilo,,,06/08/2026 14:49
6077472f-1b41-43b7-a0e4-f0b49691a74e,undeniable.holdings,available,64.99,64.99,high,low,10,namesilo,,,12/09/2026 07:15
169b0c9c-4a03-41d4-ae27-6d4b90c0b2b3,tetrad.holdings,available,64.99,64.99,high,low,6,namesilo,,,
ad49438a-4580-4381-b690-f17ddaad3761,sentiments.holdings,available,67.98,81.98,medium,low,10,namecheap,,,17/09/2026 07:39
4a919ac0-96c1-43df-95de-94b566eff898,cheetos.holdings,available,67.98,81.98,high,low,7,namecheap,,,21/09/2026 04:04
dce9f49d-156c-4b4a-884d-a9358f5dac88,chimpanzee.holdings,available,64.99,64.99,high,low,10,namesilo,,,24/09/2026 14:39
875947bd-e22a-4649-aa53-12ebaef826d7,saxon.holdings,available,64.99,64.99,high,low,5,namesilo,,,09/09/2026 22:11
8f0b2ac7-4192-4d9e-beb7-310f3fb3ea8b,adenoma.holdings,available,64.99,64.99,medium,low,7,namesilo,,,17/09/2026 07:30
b978adde-6fb7-4558-b26c-d423e62ff61d,hexed.holdings,available,64.99,64.99,medium,low,5,namesilo,,,21/08/2026 07:51
4121356d-fb0d-4e6c-ad8b-c65f7dbfba69,wigeon.holdings,available,64.99,64.99,medium,low,6,namesilo,,,19/09/2026 03:00
ffcf4cab-33bd-4468-a35f-e1d6dc457b62,exilic.holdings,available,64.99,64.99,medium,low,6,namesilo,,,17/08/2026 17:19
c96cb0bc-b92d-4015-b116-36cf870deeb2,malls.holdings,available,50.2,50.2,medium,low,5,cloudflare,,,01/10/2026 16:45
bce5064c-2248-4923-b1ad-016be44f6121,adored.holdings,available,67.98,81.98,high,low,6,namecheap,,,21/09/2026 19:35
828b488b-d383-445a-9ad3-05a56cecfae1,absently.holdings,available,64.99,64.99,medium,low,8,namesilo,,,13/09/2026 16:41
7fe667b7-a14f-4c40-b91b-8428ec66bbba,argiope.holdings,available,64.99,64.99,medium,low,7,namesilo,,,20/09/2026 04:25
60c5761f-6cf9-4745-b899-9a108ec9c01f,alpinist.holdings,available,64.99,64.99,medium,low,8,namesilo,,,18/09/2026 14:06
14f7b70b-5b6b-4346-a8bf-3703da8608af,aruru.holdings,available,64.99,64.99,medium,low,5,namesilo,,,20/09/2026 12:26
f8e7716b-45be-4c4c-b17c-9992a1dd94c1,redberry.holdings,available,64.99,64.99,medium,low,8,namesilo,,,17/09/2026 04:20
03937db1-c93f-4427-ba40-3a65b1b5c8a4,stubby.holdings,available,64.99,64.99,high,low,6,namesilo,,,10/09/2026 22:56
8b743800-158a-4e5a-ab7f-4073a81e5f58,envy.holdings,available,53.72,53.72,high,low,4,dynadot,,,28/09/2026 05:36
77c0f59f-e525-445a-92a6-e9b8eefde3fe,medic.holdings,available,67.98,81.98,high,low,5,namecheap,,,29/09/2026 19:38
c94509e4-8cdd-41a3-a059-af2fc4780ec6,asbestosis.holdings,available,64.99,64.99,medium,low,10,namesilo,,,20/09/2026 12:56
4eb931ed-02d2-4238-93b6-966d75798603,but.holdings,available,64.99,64.99,high,low,3,namesilo,,,25/09/2026 12:23
0ac95f27-1291-436c-bc7f-adb94ced0802,juliette.holdings,available,51.95,51.95,medium,low,8,spaceship,,,29/09/2026 15:24
c5a00a8c-70aa-4026-8a47-808232f2ed04,koh.holdings,available,53.72,53.72,medium,low,3,dynadot,,,29/09/2026 04:20
1e4d2356-b556-4dbb-866c-22805c9b04a4,confidant.holdings,available,64.99,64.99,high,low,9,namesilo,,,22/08/2026 08:30
29258d3a-a9c5-450e-bf8e-3c937e6ee4ee,anaphora.holdings,available,67.98,81.98,medium,low,8,namecheap,,,19/09/2026 02:13
174531f0-afbb-4af5-bee7-90943f5e164d,chlorine.holdings,available,64.99,64.99,high,low,8,namesilo,,,12/08/2026 09:10
acb06f24-27a7-4cf8-bfd5-f3d680c378eb,brushing.holdings,available,67.98,81.98,medium,low,8,namecheap,,,29/09/2026 04:50
8337e5ab-a3ae-4a5b-bb13-0fd5eff395c6,dooley.holdings,available,64.99,64.99,high,low,6,namesilo,,,30/09/2026 12:47
7ab01294-673b-4a5a-b6dc-9e78f04aaf20,ganesh.holdings,available,53.72,53.72,high,low,6,dynadot,,,02/10/2026 04:59
c8796089-011b-4723-8dae-ff8bcb678eed,deserted.holdings,available,64.99,64.99,medium,low,8,namesilo,,,
4f13a275-45cb-458f-95c6-a933e7466a12,jorge.holdings,available,64.99,64.99,high,low,5,namesilo,,,25/09/2026 13:21
88fbaebb-d788-4282-b29e-cbaf8a68fa51,woodpecker.holdings,available,64.99,64.99,high,low,10,namesilo,,,30/09/2026 10:50
3b8dcd22-1fc3-4f52-9091-09a4bee8d6b4,inlaid.holdings,available,64.99,64.99,medium,low,6,namesilo,,,22/08/2026 05:47
402822b4-e0df-4e8d-a8b8-7a44e601cfd7,imaginative.holdings,available,51.95,51.95,high,low,11,spaceship,,,29/09/2026 08:34
7963bf99-6713-4005-89bc-9462044e155c,xerxes.holdings,available,53.72,53.72,medium,low,6,dynadot,,,01/10/2026 16:35
8d55d6a2-099a-4c99-9848-eaffeaf235d5,rhett.holdings,available,50.2,50.2,high,low,5,cloudflare,,,02/10/2026 00:53
29fa7c77-863d-41a2-acb2-c93f2f7eb6bb,reopening.holdings,available,67.98,81.98,high,low,9,namecheap,,,01/10/2026 06:34
9b1365bb-9b5d-4590-b955-cad02f5425b6,gallen.holdings,available,50.2,50.2,medium,low,6,cloudflare,,,01/10/2026 07:14
b394bb91-581b-4828-9153-c4d402f1d6d0,horsemen.holdings,available,50.2,50.2,medium,low,8,cloudflare,,,30/09/2026 23:19
6c73ffc2-569a-4647-8449-ff4c635645b1,baldy.holdings,available,64.99,64.99,medium,low,5,namesilo,,,21/09/2026 21:43
1372313d-dee1-4d8e-bcb6-fb79711b3492,pride.holdings,available,51.95,51.95,high,low,5,spaceship,,,30/09/2026 07:21
c733bbfc-2a85-4f4f-bbf5-a30c45feb9b1,basilica.holdings,available,67.98,81.98,medium,low,8,namecheap,,,22/09/2026 10:49
4c784438-c930-4d19-a54a-45c8b30d69e5,dashingly.holdings,available,64.99,64.99,medium,low,9,namesilo,,,14/09/2026 10:41
993eed21-d99e-4c3a-8e85-6358fc0f8cba,oath.holdings,available,64.99,64.99,high,low,4,namesilo,,,27/09/2026 12:47
635a6b1d-8250-4f55-9965-3a933f7f57b1,swat.holdings,available,64.99,64.99,high,low,4,namesilo,,,30/09/2026 18:52
bd05a5a1-ce99-42a8-b9ac-7fda6809fa05,orphaned.holdings,available,67.98,81.98,medium,low,8,namecheap,,,04/09/2026 18:01
708165e7-72b5-4b00-9ffc-5bd98d39b3b0,transposed.holdings,available,67.98,81.98,medium,low,10,namecheap,,,11/09/2026 18:59
6e5f3f09-45e9-4af1-9e9c-57e885f5d973,colleges.holdings,available,64.99,64.99,medium,low,8,namesilo,,,29/09/2026 05:34
c3e2c42e-6856-42f6-8a50-6b07f39703b4,deserts.holdings,available,111.99,111.99,high,low,7,godaddy,,,01/10/2026 01:30
01ee893e-edea-49fb-9714-04e6e57956fb,videotape.holdings,available,67.98,81.98,high,low,9,namecheap,,,29/09/2026 08:17
c0703d74-c170-4896-b371-30d440433c77,shelton.holdings,available,64.99,64.99,medium,low,7,namesilo,,,27/09/2026 01:50
cf372f94-8989-4d77-959d-73b2c9824bd3,pledge.holdings,available,64.99,64.99,high,low,6,namesilo,,,27/09/2026 15:17
2b744712-a3bb-4520-b0ca-18a302e249ca,fumed.holdings,available,67.98,81.98,medium,low,5,namecheap,,,18/08/2026 18:20
638a72c3-614f-49b5-bf95-6b5b08b7108f,praised.holdings,available,67.98,81.98,medium,low,7,namecheap,,,29/09/2026 16:38
61a01d5d-7b3a-4a03-a2d2-e423b9d69e11,cages.holdings,available,67.98,81.98,medium,low,5,namecheap,,,30/09/2026 07:45
be4a2de4-07e9-489c-ac8c-554ebbf4ae44,graduate.holdings,available,64.99,64.99,high,low,8,namesilo,,,20/08/2026 17:51
6ec37cc4-6f9b-4e5e-8f8d-b9c22d9dcc3c,irani.holdings,available,64.99,64.99,high,low,5,namesilo,,,22/08/2026 09:42
a8307339-cabc-4bfe-b5e4-fe6ca6f96270,deepest.holdings,available,80.99,,medium,low,7,name.com,,,
8a06843c-d9c2-4134-bcae-d5412a856812,excitable.holdings,available,64.99,64.99,medium,low,9,namesilo,,,17/08/2026 16:22
b9f15fa9-2fc0-463c-a2b1-c9829ef1789d,unlearned.holdings,available,64.99,64.99,medium,low,9,namesilo,,,21/08/2026 18:31
2538970d-573f-4e54-b38e-5173bd8c042a,boehme.holdings,available,64.99,64.99,medium,low,6,namesilo,,,23/09/2026 03:32
734980ef-78d3-41ed-a28d-5486cb68d0f4,imagined.holdings,available,67.98,81.98,high,low,8,namecheap,,,27/09/2026 09:43
d69395c5-6c32-4467-aa5d-877c48e1baa7,resemble.holdings,available,52.01,52.01,high,low,8,porkbun,,,28/09/2026 20:53
5bdf6066-18c0-4942-8c4b-b118d66bc459,backspace.holdings,available,64.99,64.99,high,low,9,namesilo,,,21/09/2026 16:01
f75fafff-3966-4a68-9f74-31b62ea1ce85,interpersonal.holdings,available,64.99,64.99,high,low,13,namesilo,,,
ea6c8cfa-bd03-4ec0-9d4a-1b06951b8fab,chosen.holdings,available,64.99,64.99,high,low,6,namesilo,,,16/08/2026 02:32
f7837c6a-3b13-4522-8b18-1f85f178c542,invention.holdings,available,50.2,50.2,high,low,9,cloudflare,,,28/09/2026 02:09
66a3a62f-e2fa-4020-9f39-3050025d9fee,ariose.holdings,available,64.99,64.99,medium,low,6,namesilo,,,06/08/2026 19:19
49d9f00a-0276-4d44-8b96-8c23fb00e940,crayola.holdings,available,,,high,medium,7,,,,
f53ebb2d-2fdf-43ff-8c3e-2e3ffec61d51,library.holdings,available,64.99,64.99,high,low,7,namesilo,,,28/09/2026 08:46
ea026b6c-6432-43a8-b02c-909f195bbf8a,inhale.holdings,available,53.72,53.72,high,low,6,dynadot,,,30/09/2026 16:29
a4b3e989-4448-4e40-8fcf-0411ce9f51b7,comprise.holdings,available,53.72,53.72,high,low,8,dynadot,,,30/09/2026 17:37
efb12bae-738e-4e0b-b0ed-1fe62a9ca786,leasing.holdings,available,67.98,81.98,high,low,7,namecheap,,,01/10/2026 23:15
bad23c18-c5c2-477c-9b1d-8a5e154976e9,regally.holdings,available,64.99,64.99,medium,low,7,namesilo,,,15/09/2026 22:55
d108cd76-805d-4247-9e93-93037dfbea19,maximizing.holdings,available,67.98,81.98,high,low,10,namecheap,,,24/08/2026 17:56
aa95ea28-5e7b-46e0-82f3-5ea7f4b263c5,arbitrarily.holdings,available,50.2,50.2,medium,low,11,cloudflare,,,01/10/2026 22:22
e21d776f-3e1a-4874-b80f-a8c67ecaba2d,debile.holdings,available,80.99,84.99,medium,low,6,name.com,,,13/08/2026 20:28
b20f4ed1-b26f-42a3-a86b-b32b5de5d6a5,crybaby.holdings,available,67.98,81.98,medium,low,7,namecheap,,,23/09/2026 06:47
310eac99-29b1-4660-9b0a-c95154c986c2,neighbor.holdings,available,64.99,64.99,high,low,8,namesilo,,,30/09/2026 05:34
97640093-3eba-4630-8610-02beb87000ad,prefigure.holdings,available,64.99,64.99,medium,low,9,namesilo,,,21/09/2026 03:35
782024ea-ef4b-4e06-ae2b-931e2875b513,polls.holdings,available,51.95,51.95,high,low,5,spaceship,,,29/09/2026 07:53
732f453b-a5aa-4a14-9b75-d720d2f8ce3d,vat.holdings,available,67.98,81.98,high,low,3,namecheap,,,17/09/2026 05:53
0adfd0e6-bd63-477f-8a97-8f3a03cf8149,hornless.holdings,available,64.99,64.99,medium,low,8,namesilo,,,21/08/2026 14:06
e9268512-ff55-4e87-86b7-48d5b59d0df5,rattlesnake.holdings,available,50.2,50.2,high,low,11,cloudflare,,,30/09/2026 03:33
8158546b-d712-471c-9724-013f07021536,disorders.holdings,available,64.99,64.99,medium,low,9,namesilo,,,20/09/2026 00:40
94c2948f-0476-4fd7-bcf8-ed9ab618ef1e,circled.holdings,available,50.2,50.2,high,low,7,cloudflare,,,30/09/2026 16:02
b324f28a-437a-4c08-865c-93624db2386b,landowner.holdings,available,51.95,51.95,high,low,9,spaceship,,,01/10/2026 02:50
dc274418-a141-46e3-a658-457c82ebdc22,koala.holdings,available,51.95,51.95,high,low,5,spaceship,,,30/09/2026 01:10
1da9de63-2540-4187-9535-6fcd862d53b5,actinia.holdings,available,64.99,64.99,medium,low,7,namesilo,,,17/09/2026 04:43
c9ea6cc0-87df-48f5-adc4-550a35fb9db9,connections.holdings,available,51.95,51.95,high,low,11,spaceship,,,27/09/2026 23:11
324b9b1c-f945-4913-8d7b-707b5cdd9847,unlikeable.holdings,available,64.99,64.99,medium,low,10,namesilo,,,12/09/2026 00:56
1dd8de75-ac78-4497-ac5f-14fd2826b301,boyle.holdings,available,64.99,64.99,high,low,5,namesilo,,,25/09/2026 02:02
a5cc1a73-2626-4125-b41f-edab842b2bcc,bells.holdings,available,64.99,64.99,high,low,5,namesilo,,,25/09/2026 15:52
09376190-a9b7-41d4-a8e0-087808ca8bc3,indistinct.holdings,available,64.99,64.99,medium,low,10,namesilo,,,22/08/2026 03:14
769153b2-287a-407f-8fb0-bdc17b1b9b51,die.holdings,available,64.99,64.99,high,low,3,namesilo,,,29/09/2026 12:07
06dd1a49-7bed-403e-9cae-dd6dfe45aa0c,veto.holdings,available,64.99,64.99,high,low,4,namesilo,,,03/09/2026 15:01
f1702d19-cc4c-41ec-afc0-af85dfac887b,misses.holdings,available,51.95,51.95,high,low,6,spaceship,,,01/10/2026 11:41
7feae7b6-33fa-46cb-aaff-76f3d6c777de,tracey.holdings,available,50.2,50.2,medium,low,6,cloudflare,,,28/09/2026 21:51
32569f0f-e15f-45b5-b77f-115dfb82c462,vagabond.holdings,available,67.98,81.98,high,low,8,namecheap,,,14/08/2026 19:16
9d797952-e87a-4f2e-af51-c15807046e40,analytically.holdings,available,50.2,50.2,medium,low,12,cloudflare,,,01/10/2026 04:36
af80490c-76e3-4c20-8a68-f20db186256b,deli.holdings,available,67.98,81.98,high,low,4,namecheap,,,24/09/2026 21:37
4b1465bb-7cca-46aa-9807-6958c1bd48ea,happening.holdings,available,64.99,64.99,high,low,9,namesilo,,,25/09/2026 23:54
de833223-ef9c-4216-9188-9b585e6bafea,farley.holdings,available,50.2,50.2,medium,low,6,cloudflare,,,30/09/2026 13:41
3a9f12e1-916e-4807-a337-c9620319bce4,grandmothers.holdings,available,67.98,81.98,medium,low,12,namecheap,,,20/09/2026 18:06
799b4631-afb8-449b-82f4-bc37348c2d7b,punkie.holdings,available,64.99,64.99,medium,low,6,namesilo,,,23/09/2026 22:31
15b9e971-7a61-4d2b-aed8-765f3422d565,cloudburst.holdings,available,64.99,64.99,medium,low,10,namesilo,,,24/09/2026 16:03
b52903b5-4f4d-4dc4-bb11-a9f54472a733,acreage.holdings,available,64.99,64.99,high,low,7,namesilo,,,17/09/2026 02:51
5fff6d5c-bf4f-46e4-99e7-ea01a809fb3d,ats.holdings,available,51.95,51.95,high,low,3,spaceship,,,29/09/2026 22:45
ba67ef3e-ea30-4a35-a1f7-03daca01114b,freud.holdings,available,64.99,64.99,medium,low,5,namesilo,,,28/09/2026 09:49
c4ec5aff-5cd1-4427-88e8-de2cf7dd618e,reunited.holdings,available,51.95,51.95,high,low,8,spaceship,,,30/09/2026 08:00
0f0d1c0e-292b-475f-85fd-6138dcdc77b8,quivering.holdings,available,67.98,81.98,medium,low,9,namecheap,,,11/09/2026 19:15
e5019174-0ba1-4b9c-ad0c-afdfe444174a,yuck.holdings,available,51.95,51.95,high,low,4,spaceship,,,01/10/2026 01:02
fc6b8b75-b1a3-4c21-b3b1-135a5b2b0266,dialectic.holdings,available,64.99,64.99,high,low,9,namesilo,,,14/08/2026 05:50
8e6ea20d-a3c6-4062-93ec-877a5b462f07,diffusive.holdings,available,64.99,64.99,medium,low,9,namesilo,,,14/08/2026 07:10
4cd1d17f-2a52-4edf-ac05-178b6e2045ae,serious.holdings,available,64.99,64.99,high,low,7,namesilo,,,24/09/2026 23:04
2aceef58-5277-4257-8825-95d8bc93e0ba,blackish.holdings,available,64.99,64.99,medium,low,8,namesilo,,,10/08/2026 12:03
4ff7a3c2-441c-4969-87a6-ea6ea403cea4,mop.holdings,available,51.95,51.95,high,low,3,spaceship,,,30/09/2026 05:15
c4092f82-f234-4b21-b8b0-74811129847c,untaught.holdings,available,67.98,81.98,medium,low,8,namecheap,,,12/09/2026 18:56
bae55a3a-1a14-444e-8d61-230b7c9e86bb,cures.holdings,available,64.99,64.99,medium,low,5,namesilo,,,02/10/2026 03:22
3e2baef4-912e-4f89-a475-f3be3e2a4ed3,theatrical.holdings,available,64.99,64.99,high,low,10,namesilo,,,11/09/2026 12:33
46214b43-80cb-4a40-bba9-888b82829593,abrogation.holdings,available,80.99,84.99,medium,low,10,name.com,,,16/09/2026 17:14
82fbf1a3-62fa-4e38-bb88-b8489e36eb92,bettong.holdings,available,64.99,64.99,medium,low,7,namesilo,,,23/09/2026 11:46
541a391c-1e86-4625-b921-6783d6290557,whitby.holdings,available,53.72,53.72,medium,low,6,dynadot,,,29/09/2026 23:34
fb6b7fa3-ff37-499e-99d1-9b8babbf9644,castello.holdings,available,67.98,81.98,high,low,8,namecheap,,,30/09/2026 20:54
7dc7019c-2180-4da7-8eaa-f07f493968f8,defect.holdings,available,64.99,64.99,high,low,6,namesilo,,,24/09/2026 05:34
f8db94a2-8544-4a9a-a741-4198b13fa0f4,elmore.holdings,available,64.99,64.99,medium,low,6,namesilo,,,29/09/2026 10:03
fe5be072-5110-433d-8b07-2ace7e9a0eeb,hospitable.holdings,available,64.99,64.99,high,low,10,namesilo,,,21/08/2026 14:16
9a70e6c2-f9b0-4e0d-8ebe-9b523fec4bb2,steinbeck.holdings,available,64.99,64.99,high,low,9,namesilo,,,01/10/2026 02:45
6f38aec3-ebab-4dd4-8859-c77da1f9fcea,sable.holdings,available,64.99,64.99,high,low,5,namesilo,,,14/08/2026 23:11
3552bdf9-5fc7-4184-ad44-b6c57917abd8,lachrymose.holdings,available,64.99,64.99,medium,low,10,namesilo,,,14/08/2026 15:34
0220f00e-be11-4fe8-8c33-bf7ea5952f15,hays.holdings,available,67.98,81.98,medium,low,4,namecheap,,,20/09/2026 10:51
4fe5336f-76ee-4a12-a342-18a3a3774f82,reefs.holdings,available,64.99,64.99,medium,low,5,namesilo,,,02/10/2026 02:37
294e87c3-05e8-48d9-adef-e870defe5542,astutely.holdings,available,64.99,64.99,high,low,8,namesilo,,,13/09/2026 22:20
5bf86e5e-40a5-459d-b45f-36c3eb03c3ab,hildebrand.holdings,available,51.95,51.95,medium,low,10,spaceship,,,30/09/2026 01:47
235e1f19-f357-405d-932d-aeeb4578bce1,dane.holdings,available,51.95,51.95,high,low,4,spaceship,,,29/09/2026 00:37
05f6792c-fe0c-484e-a8f3-b94b5cbff04d,prophet.holdings,available,50.2,50.2,high,low,7,cloudflare,,,28/09/2026 02:52
f5ef1a79-5309-4a0c-b8c0-6c645c2506dc,compeer.holdings,available,64.99,64.99,high,low,7,namesilo,,,17/08/2026 11:35
09d3eab8-f902-4301-b6db-c1e59147765d,anyways.holdings,available,67.98,81.98,medium,low,7,namecheap,,,13/09/2026 20:13
7f470f90-e037-4e62-9551-2884aeb00a23,rulers.holdings,available,50.2,50.2,medium,low,6,cloudflare,,,02/10/2026 02:55
829a0b5f-1b43-4d67-9d49-1215344a6442,nee.holdings,available,64.99,64.99,medium,low,3,namesilo,,,03/09/2026 14:47
779ef5f9-6002-4cc8-b937-8d2bd39ce7e5,resiny.holdings,available,64.99,64.99,medium,low,6,namesilo,,,09/09/2026 15:15
ad93ea50-afcb-4559-966a-574cf4d53bdb,capacious.holdings,available,67.98,81.98,high,low,9,namecheap,,,11/08/2026 17:47
76363ede-607f-401d-994c-aaef9bb5aff4,moonshine.holdings,available,64.99,64.99,high,low,9,namesilo,,,10/08/2026 19:35
6d59f012-1c00-423a-bba6-b226b9fcbb8e,breach.holdings,available,67.98,81.98,medium,low,6,namecheap,,,27/09/2026 11:50
1bee152a-325e-4a38-905a-8043762051d9,nick.holdings,available,51.95,51.95,high,medium,4,spaceship,,,28/09/2026 02:02
7713b29e-96d4-4066-ab49-42747665cb1f,candidates.holdings,available,67.98,81.98,medium,low,10,namecheap,,,28/09/2026 17:58
d114f20f-96e5-44e8-be9e-5fdf0dafd6fe,defects.holdings,available,51.95,51.95,medium,low,7,spaceship,,,30/09/2026 07:05
d58ad945-f5f8-4b58-a503-112f6eaeeb0f,fonda.holdings,available,51.95,51.95,high,low,5,spaceship,,,29/09/2026 06:57
ddc72502-2248-44de-82dd-3e9c5fd43083,teutonic.holdings,available,64.99,64.99,medium,low,8,namesilo,,,11/09/2026 12:13
ca051d1d-5df5-477b-bb78-65042da52dad,ayr.holdings,available,64.99,64.99,high,low,3,namesilo,,,21/09/2026 10:41
cb4f7d6b-83cf-4143-bc57-626cbf287af0,hereafter.holdings,available,67.98,81.98,high,low,9,namecheap,,,18/08/2026 19:10
da9cbb93-f85b-4cfa-a7b4-369e5df0da0b,alcoves.holdings,available,67.98,81.98,low,low,7,namecheap,,,20/09/2026 22:35
8dc55c6d-227f-4793-ba51-1175acbeefa0,stunned.holdings,available,64.99,64.99,high,low,7,namesilo,,,22/09/2026 03:44
8434012b-ee3b-4bc9-8db9-acdc85956c7b,celibate.holdings,available,64.99,64.99,high,low,8,namesilo,,,11/08/2026 23:25
9fdd36b7-b83c-4e9b-b63a-2b922f9b12ca,wins.holdings,available,64.99,64.99,high,low,4,namesilo,,,18/09/2026 14:21
fa0c621f-c9ac-4949-b255-90818ba469af,otter.holdings,available,67.98,81.98,high,low,5,namecheap,,,29/09/2026 19:52